RespID,SAT1,SAT2,SAT3,SAT4,SAT5,TRU1,TRU2,TRU3,TRU4,TRU5,LOY1,LOY2,LOY3,LOY4,LOY5,VAL1,VAL2,VAL3,VAL4,VAL5,Duration
P001,3,3,3,3,3,3,3,3,3,3,3,3,3,3,3,3,3,3,3,3,180
P002,4,4,4,4,4,4,4,4,4,4,4,4,4,4,4,4,4,4,4,4,217
P003,2,2,2,2,2,2,2,2,2,2,2,2,2,2,2,2,2,2,2,2,254
P004,4,4,4,4,4,4,4,4,4,4,4,4,4,4,4,4,4,4,4,4,291
P005,4,4,4,4,4,4,4,4,4,4,4,4,4,4,4,4,4,4,4,4,328
P006,3,3,3,3,3,3,3,3,3,3,3,3,3,3,3,3,3,3,3,3,365
P007,3,3,3,3,3,3,3,3,3,3,3,3,3,3,3,3,3,3,3,3,202
P008,2,2,2,2,2,2,2,2,2,2,2,2,2,2,2,2,2,2,2,2,239
P009,3,3,3,3,3,3,3,3,3,3,3,3,3,3,3,3,3,3,3,3,276
P010,4,4,4,4,4,4,4,4,4,4,4,4,4,4,4,4,4,4,4,4,313
P011,2,3,2,1,2,2,4,3,5,5,3,1,3,4,5,4,3,4,2,1,25
P012,2,1,3,1,1,3,2,3,1,1,5,2,1,1,3,3,1,3,3,4,25
P013,5,4,2,1,3,1,2,3,2,1,5,2,2,4,1,4,3,4,3,5,25
P014,5,5,4,4,4,5,5,1,1,1,2,5,5,4,2,4,5,2,5,2,261
P015,2,3,5,3,2,3,3,4,3,5,1,3,5,4,1,4,3,4,3,5,298
P016,2,1,1,2,1,5,2,1,4,5,3,1,3,4,2,3,1,4,5,4,335
P017,2,1,3,3,4,4,3,1,3,3,4,5,1,1,4,2,3,2,1,4,372
P018,5,3,2,5,3,5,3,4,2,3,4,2,4,3,2,5,4,2,4,4,209
P019,3,3,5,4,4,5,2,1,1,2,4,2,1,1,2,2,3,4,1,4,246
P020,1,3,2,3,1,4,2,1,3,1,5,4,1,5,3,5,4,2,3,4,283
P021,3,3,3,3,3,1,2,4,2,1,3,1,3,2,4,3,4,3,4,4,320
P022,4,3,3,4,3,4,3,3,5,2,2,3,3,3,1,4,3,3,5,4,357
P023,3,5,2,3,3,2,2,,2,1,3,2,3,2,1,3,3,4,2,4,194
P024,3,4,3,5,3,3,3,3,4,4,4,2,3,3,3,3,2,2,4,2,231
P025,3,4,4,4,3,3,2,1,2,4,4,2,4,4,1,2,1,4,1,3,268
P026,3,,1,4,,2,3,3,3,3,4,2,4,4,,4,2,3,4,3,305
P027,1,2,4,2,3,1,1,4,1,1,3,4,2,4,3,5,4,2,3,3,342
P028,5,3,4,4,3,3,4,3,4,3,3,4,2,2,2,3,2,3,3,2,379
P029,2,2,3,2,3,2,3,4,1,3,3,2,4,,2,3,3,3,4,3,216
P030,4,4,2,4,5,1,1,4,,1,5,4,3,3,5,5,3,2,4,3,253
P031,1,2,4,3,1,4,4,3,2,3,2,2,3,3,3,3,1,3,3,2,290
P032,2,2,3,2,2,2,2,4,3,1,5,5,2,4,5,4,4,1,5,5,327
P033,4,5,2,5,5,3,2,2,2,4,3,3,2,3,4,3,2,3,3,3,364
P034,2,2,4,1,3,1,3,4,3,2,3,4,3,3,4,2,2,4,3,3,201
P035,1,2,5,1,1,2,3,4,2,2,3,3,3,2,3,2,3,5,4,3,238
P036,3,2,2,2,3,3,5,1,3,5,4,2,3,3,3,1,3,3,1,1,275
P037,2,1,4,4,3,5,4,1,5,5,2,2,5,4,3,5,3,2,4,5,312
P038,5,4,3,4,4,3,2,3,2,3,3,4,4,4,2,4,3,2,4,2,349
P039,4,4,2,3,3,3,2,3,2,3,5,5,1,4,4,3,3,3,3,3,186
P040,3,3,3,3,4,2,3,3,3,3,3,4,3,3,3,2,3,4,4,2,223
P041,2,1,4,3,2,3,5,3,4,4,4,5,2,3,5,4,4,3,5,3,260
P042,4,4,2,4,3,4,4,1,4,4,5,4,2,4,2,2,2,4,4,1,297
P043,,3,2,4,4,1,2,,1,1,2,3,3,4,,3,3,3,2,3,334
P044,1,1,5,1,1,4,4,1,4,3,3,1,3,2,2,1,2,5,1,2,371
P045,3,2,3,2,2,3,2,4,1,1,,4,3,3,3,2,2,3,3,2,208
P046,5,4,1,4,3,2,2,3,2,2,4,3,2,4,2,3,4,4,2,1,245
P047,3,3,2,3,4,3,2,5,3,3,1,1,4,1,1,3,4,1,4,5,282
P048,2,2,4,3,2,1,1,5,2,3,4,1,4,2,1,3,5,3,3,4,319
P049,1,2,4,3,3,3,,4,2,3,5,3,2,3,4,3,4,2,5,5,356
P050,4,3,4,3,3,2,2,4,3,3,2,3,4,3,1,5,5,2,5,5,193
P051,3,3,3,2,3,3,3,3,4,3,3,3,2,2,4,3,2,3,2,2,230
P052,3,2,3,3,3,2,2,5,2,2,4,4,2,5,5,4,2,3,4,3,267
P053,3,2,3,3,3,5,4,2,4,4,2,1,5,2,3,4,4,2,4,5,304
P054,4,4,2,4,5,4,2,4,4,2,4,4,1,3,3,3,4,2,4,2,341
P055,3,4,2,4,4,4,3,3,3,2,1,2,4,3,1,4,4,2,4,3,378
P056,2,2,3,2,2,4,3,3,3,3,5,4,2,4,5,4,4,2,5,4,215
P057,3,4,2,3,3,2,2,4,1,2,2,3,2,4,3,2,2,3,2,3,252
P058,4,5,3,4,4,3,4,2,3,3,3,5,2,4,4,3,4,2,3,3,289
P059,3,3,4,4,3,4,2,4,5,4,1,1,4,1,1,4,3,2,4,4,326
P060,,2,3,3,3,1,2,5,2,2,3,4,2,4,3,2,2,2,4,2,363
P061,3,4,3,4,2,3,2,2,4,2,4,4,3,4,3,4,3,1,4,4,200
P062,4,3,3,3,3,,2,4,2,2,3,3,4,2,2,2,2,3,2,3,237
P063,3,4,2,2,4,2,4,4,3,,2,3,4,1,3,2,2,3,3,3,274
P064,5,5,2,5,4,4,3,4,3,2,4,4,1,4,4,3,2,3,3,3,311
P065,3,3,4,2,2,3,4,3,4,3,3,2,3,2,4,4,4,2,3,4,348
P066,,1,5,1,1,4,5,3,5,4,4,5,3,3,3,2,1,4,2,2,185
P067,5,3,1,3,3,3,3,3,2,4,3,4,4,2,3,4,3,2,5,4,222
P068,5,5,1,3,4,3,2,4,2,4,,4,3,3,4,3,3,4,5,2,259
P069,3,2,4,2,2,3,5,,5,4,4,5,3,4,4,3,2,4,3,4,296
P070,4,5,2,5,4,4,4,2,3,,2,2,3,3,1,5,5,3,4,3,333
P071,3,2,4,3,5,5,5,2,2,3,5,4,2,5,4,3,4,3,2,4,370
P072,5,5,1,4,5,3,3,2,2,2,3,2,3,2,4,3,4,3,3,2,207
P073,2,4,2,3,1,4,4,2,5,5,3,4,3,4,4,3,3,2,2,3,244
P074,3,3,4,1,3,3,3,1,3,3,4,4,1,3,4,2,2,5,1,3,281
P075,4,3,2,3,4,2,3,5,1,1,3,3,3,4,2,4,3,1,4,4,318
P076,2,2,4,2,3,4,4,2,4,4,2,2,4,1,1,3,2,4,4,3,355
P077,1,3,5,3,3,2,3,3,4,2,2,3,4,3,3,4,3,3,4,4,192
P078,4,4,4,4,4,3,3,2,4,3,4,3,4,2,3,3,3,1,5,3,229
P079,2,3,4,2,2,2,3,4,2,3,1,3,3,3,2,,,3,3,4,266
P080,4,5,1,4,4,4,3,3,3,3,4,5,1,5,5,2,3,3,3,2,303
P081,4,4,3,3,2,4,3,2,5,,3,3,3,3,5,3,2,1,4,5,340
P082,5,5,1,4,5,2,3,2,3,3,4,2,2,3,4,3,4,2,4,4,377
P083,1,1,5,1,2,3,2,4,2,3,1,3,3,2,3,4,4,,2,4,214
P084,4,4,2,4,5,2,4,3,1,,5,5,1,5,4,2,2,3,3,2,251
P085,2,3,4,3,4,3,5,2,4,3,2,2,3,1,3,4,4,1,5,4,288
P086,3,5,1,3,4,4,,3,1,2,3,3,4,2,2,4,3,4,3,4,325
P087,3,4,3,3,3,3,4,1,4,4,3,5,3,4,3,3,1,4,1,2,362
P088,2,2,4,2,1,2,3,3,3,4,1,1,5,1,1,2,1,5,1,3,199
P089,1,1,1,3,3,3,3,3,3,4,5,4,2,4,5,2,4,3,1,3,236
P090,5,,1,5,5,3,3,2,3,3,5,3,3,3,4,4,4,2,2,5,273
P091,3,3,4,4,2,3,,3,4,5,3,4,3,3,3,3,3,4,4,4,310
P092,3,2,3,3,2,4,1,5,3,3,4,3,1,3,3,3,2,2,3,4,347
P093,3,3,3,4,3,5,4,3,5,2,4,3,4,3,4,4,2,2,3,2,184
P094,4,5,2,2,4,4,3,2,3,4,3,4,2,5,4,3,3,3,3,4,221
P095,2,2,2,2,3,1,2,4,3,2,3,4,1,,3,2,1,5,1,2,258
P096,2,2,4,3,2,3,5,1,5,3,2,4,4,2,4,2,2,4,3,2,295
P097,5,4,2,5,3,3,1,5,1,1,3,4,2,2,3,1,2,2,2,3,332
P098,2,2,2,2,,4,4,3,5,5,3,4,2,4,5,4,5,2,5,4,369
P099,4,3,3,2,4,4,3,3,1,4,2,3,3,3,3,2,2,2,3,4,206
P100,1,2,3,3,1,2,3,2,3,4,4,4,4,2,3,3,3,,3,4,243
P101,5,3,2,4,4,2,2,4,1,1,2,3,4,3,2,2,,2,2,2,280
P102,5,5,2,3,4,4,3,4,3,3,3,3,,2,3,2,2,5,2,2,317
P103,3,2,3,3,2,2,1,3,2,2,4,2,4,3,2,4,5,2,5,5,354
P104,3,2,4,3,2,2,3,3,4,3,2,2,4,2,2,4,4,2,5,4,191
P105,2,3,3,1,2,3,1,3,3,3,4,4,2,3,4,5,5,1,5,5,228
P106,3,2,,3,4,1,3,4,2,2,1,1,5,2,1,1,1,5,1,1,265
P107,5,4,5,3,2,3,4,3,3,3,4,5,1,3,4,4,3,2,4,2,302
P108,1,3,2,3,3,5,3,2,4,4,4,4,3,5,4,3,3,4,3,2,339
P109,4,4,3,4,5,5,5,2,5,4,2,3,3,2,2,,5,3,3,3,376
P110,3,3,4,2,3,4,4,2,4,4,3,,3,4,4,,2,5,2,1,213
P111,,3,3,2,3,5,4,2,5,3,3,,3,4,5,2,3,5,3,3,250
P112,2,3,3,2,2,1,2,5,2,3,4,3,2,3,4,1,1,5,2,2,287
P113,4,3,2,5,4,5,3,2,4,3,5,4,2,5,,4,4,3,4,4,324
P114,4,4,3,5,3,5,3,2,3,4,3,3,3,3,3,2,1,5,1,1,361
P115,2,4,3,3,3,4,2,3,1,3,1,1,5,2,2,4,5,1,5,5,198
P116,3,2,3,4,3,2,,5,2,2,4,4,2,3,2,4,4,3,3,4,235
P117,5,4,4,3,2,5,3,1,4,3,3,1,4,3,1,3,3,3,5,3,272
P118,1,2,3,2,2,3,4,3,4,4,5,5,1,4,3,4,2,5,3,3,309
P119,4,5,1,5,4,2,2,4,2,3,1,2,4,3,2,2,1,3,2,4,346
P120,3,2,3,2,3,5,4,3,4,4,2,,3,3,1,4,5,3,4,4,183
P121,2,2,5,,2,4,3,2,4,4,4,5,2,4,4,4,1,3,3,3,220
P122,5,4,4,4,3,3,3,3,4,4,4,5,1,5,5,5,5,1,4,5,257
P123,2,2,4,2,3,3,3,3,3,3,5,4,1,4,4,4,3,3,3,4,294
P124,4,4,1,5,4,5,5,1,4,4,2,3,5,1,1,3,2,3,3,3,331
P125,5,4,1,5,5,4,2,2,4,4,1,4,4,1,2,2,3,4,3,2,368
P126,4,2,3,3,3,5,5,2,4,5,3,2,5,2,2,3,3,3,2,4,205
P127,5,4,2,5,5,4,4,2,4,3,2,3,4,3,3,3,2,3,3,4,242
P128,3,1,5,3,2,1,1,4,1,2,2,2,3,3,1,4,4,2,3,4,279
P129,4,3,2,3,4,5,5,2,5,4,4,5,1,4,3,4,4,1,3,4,316
P130,3,2,3,2,3,3,2,4,2,2,4,3,2,4,3,3,3,3,1,3,353
P131,1,2,3,1,2,2,3,2,3,3,,,3,3,3,5,5,1,5,5,190
P132,3,3,3,2,3,3,3,2,4,4,2,2,2,3,2,4,4,2,3,4,227
P133,3,4,2,3,4,2,4,4,2,2,3,3,3,4,3,1,2,3,3,1,264
P134,3,4,3,5,4,3,2,3,3,2,4,3,2,2,3,2,3,5,,1,301
P135,2,2,4,2,1,3,3,3,5,3,3,3,1,5,4,3,5,3,4,3,338
P136,1,1,5,1,1,3,4,3,4,3,2,2,3,2,4,4,3,2,3,4,375
P137,4,4,3,5,5,3,4,4,5,5,2,2,3,2,1,2,3,4,3,1,212
P138,4,4,3,3,5,3,3,2,3,4,1,3,5,3,3,2,3,,2,2,249
P139,1,1,4,2,3,3,3,2,3,4,1,3,2,1,3,5,4,2,5,4,286
P140,4,3,,5,5,4,4,1,5,5,4,4,3,4,4,2,2,3,2,3,323
P141,1,2,5,1,1,4,2,1,,3,3,3,3,3,3,1,1,5,1,2,360
P142,5,5,1,5,5,3,5,2,3,3,4,5,2,5,4,4,3,4,3,3,197
P143,2,1,5,1,2,2,2,4,4,1,5,4,3,3,3,1,2,5,1,1,234
P144,2,3,3,3,2,3,5,3,5,4,4,5,3,4,3,2,3,3,4,4,271
P145,1,1,5,1,1,4,2,4,1,4,4,5,2,4,4,3,3,2,4,4,308
P146,4,2,4,3,3,4,4,2,4,4,4,4,3,3,3,2,3,3,3,3,345
P147,3,2,4,2,2,2,2,3,,3,4,2,3,2,2,3,3,3,3,3,182
P148,3,3,3,3,3,3,3,2,4,4,4,5,2,4,5,4,2,2,3,2,219
P149,2,1,5,1,1,3,4,3,5,3,2,3,4,3,,4,5,1,4,5,256
P150,2,3,3,3,3,5,5,1,5,5,3,3,1,4,3,4,4,1,5,4,293
P151,,3,3,4,3,3,4,2,4,2,2,4,3,3,3,4,4,4,2,3,330
P152,2,3,3,3,3,4,4,3,4,3,2,2,4,2,1,3,4,2,3,5,367
P153,2,3,3,3,3,4,3,2,5,5,3,3,4,3,2,3,3,3,3,5,204
P154,1,1,5,2,1,3,3,3,3,2,1,3,3,4,3,2,3,5,1,2,241
P155,2,3,3,2,4,4,3,,3,2,4,3,3,4,2,1,1,4,1,2,278
P156,2,2,3,3,4,3,2,3,2,2,2,2,3,3,2,2,2,3,2,1,315
P157,5,5,1,5,5,3,3,1,4,3,3,4,3,4,4,5,4,2,4,4,352
P158,3,3,4,1,2,4,3,2,3,2,1,1,5,2,1,3,4,5,2,3,189
P159,2,2,4,3,1,3,2,5,3,1,3,3,2,4,3,3,4,3,4,3,226
P160,2,3,4,2,2,2,2,4,,2,5,4,1,5,3,4,3,2,4,4,263
P161,2,2,3,3,5,3,3,3,4,3,3,3,3,3,3,2,1,5,2,1,300
P162,3,2,3,2,3,1,1,4,2,1,4,2,2,4,2,,3,2,4,4,337
P163,4,4,2,4,4,3,3,2,2,5,2,3,4,2,4,5,5,2,5,4,374
P164,1,3,4,2,3,4,4,2,4,3,3,3,4,1,2,2,2,4,2,3,211
P165,2,2,4,3,2,3,3,3,3,4,5,5,1,5,5,3,4,2,4,1,248
P166,2,3,2,3,4,3,3,4,2,2,3,3,2,5,3,3,3,4,3,3,285
P167,4,4,1,4,3,4,5,1,4,4,2,4,3,3,2,4,5,2,4,3,322
P168,4,4,2,5,4,3,4,2,4,3,2,3,4,2,3,4,5,1,5,5,359
P169,4,4,3,4,4,1,2,4,3,2,2,3,5,3,2,1,3,2,3,2,196
P170,3,4,3,4,3,3,4,2,3,4,4,5,2,5,4,5,5,2,5,5,233
P171,5,5,,4,5,3,3,3,4,3,3,2,3,2,3,4,4,2,5,5,270
P172,3,2,4,1,,2,2,5,3,2,3,3,4,3,3,4,2,4,4,5,307
P173,3,2,3,3,3,3,3,3,3,4,1,1,5,1,1,2,2,3,3,4,344
P174,3,2,4,2,3,4,3,2,3,4,4,3,2,3,4,3,2,2,3,4,181
P175,5,5,1,4,5,4,4,3,3,4,4,4,2,4,5,3,3,2,4,4,218
P176,4,4,3,4,4,2,2,4,3,2,2,1,5,2,1,1,2,4,3,3,255
P177,2,1,2,1,1,2,4,3,4,3,3,3,3,3,3,4,4,2,3,3,292
P178,2,4,3,4,3,3,2,4,3,2,3,4,4,1,2,3,2,3,4,3,329
P179,4,4,2,3,5,3,3,2,3,4,4,2,4,2,2,4,4,3,3,3,366
P180,2,3,4,2,3,5,4,2,5,4,3,3,3,4,3,2,3,3,2,1,203
P181,2,2,4,2,2,2,4,3,3,3,4,5,1,5,5,2,3,3,3,3,240
P182,2,2,5,3,2,1,3,4,3,2,3,3,3,3,2,1,1,5,2,1,277
P183,5,3,3,5,5,2,2,4,3,2,2,3,4,1,1,1,1,5,1,1,314
P184,4,3,3,3,3,3,3,2,4,2,4,5,1,4,5,4,3,2,4,3,351
P185,2,3,4,2,4,,1,5,2,1,4,3,3,4,3,2,3,4,2,3,188
P186,3,2,3,,3,2,2,4,1,2,2,2,4,4,4,2,4,3,3,2,225
P187,3,2,3,2,4,2,3,4,1,1,1,1,5,1,1,3,3,3,4,3,262
P188,3,3,1,4,4,3,2,5,3,4,1,1,5,2,1,4,3,3,3,3,299
P189,2,2,5,1,2,3,3,3,3,3,3,5,2,5,5,4,5,1,4,4,336
P190,1,1,5,1,1,3,5,2,4,4,3,4,4,4,2,5,5,1,5,5,373
P191,4,3,1,4,3,3,2,2,4,2,1,2,5,1,2,5,5,1,4,,210
P192,2,1,5,1,3,2,3,5,1,2,4,3,1,3,4,4,4,3,3,4,247
P193,4,4,2,4,4,5,3,2,4,5,3,4,2,2,3,3,3,3,4,4,284
P194,4,3,2,4,3,3,3,3,3,3,2,4,3,2,3,1,1,4,3,1,321
P195,2,3,3,2,2,3,3,3,4,3,4,2,1,3,2,2,1,3,2,2,358
P196,5,3,1,5,4,3,4,1,5,4,2,2,4,2,1,3,3,2,2,4,195
P197,4,3,2,3,3,2,2,3,2,1,1,1,5,2,1,4,4,2,2,4,232
P198,3,3,2,2,3,3,1,3,3,4,3,3,3,3,5,4,2,2,3,3,269
P199,5,4,1,5,5,3,2,3,2,,5,5,1,4,5,3,2,3,2,2,306
P200,4,3,2,3,2,2,1,5,2,1,1,2,3,2,1,4,3,2,5,4,343
P201,3,3,2,3,2,3,2,2,1,3,2,2,4,2,3,5,4,2,3,4,180
P202,2,3,4,1,2,5,4,1,4,5,4,2,2,4,3,3,1,4,2,3,217
P203,2,3,4,1,2,2,1,3,3,4,4,3,2,3,3,3,2,2,4,4,254
P204,1,2,5,2,2,2,3,2,3,3,2,,5,1,2,5,4,1,5,5,291
P205,3,2,5,2,2,3,3,3,5,3,3,1,4,2,3,3,4,3,5,2,328
P206,,5,4,3,4,4,3,1,3,3,2,2,4,1,1,2,,4,2,2,365
P207,5,5,1,4,5,3,2,3,1,3,3,5,3,4,3,5,4,2,4,4,202
P208,2,2,5,1,1,5,5,1,4,5,4,4,3,3,4,2,1,4,4,2,239
P209,1,2,4,2,1,4,2,,4,2,3,3,3,2,3,4,,4,4,5,276
P210,4,4,2,4,4,5,4,2,5,5,2,1,3,3,,3,3,3,3,3,313
P211,3,3,3,4,5,3,3,3,4,3,3,4,2,4,,3,3,2,5,3,350
P212,3,2,3,4,3,2,1,,2,1,1,1,4,2,2,3,3,2,3,2,187
P213,4,3,3,4,3,2,1,5,2,1,3,2,2,2,4,4,3,2,3,2,224
P214,,4,3,3,3,3,2,4,1,1,3,3,4,3,3,2,2,3,1,3,261
P215,3,4,,5,3,4,3,1,4,3,5,5,1,5,5,3,2,3,2,2,298
P216,4,4,1,4,3,2,3,3,2,3,3,3,2,3,2,3,3,2,,5,335
P217,2,1,5,1,2,2,1,4,1,1,3,5,2,5,5,5,4,2,3,5,372
P218,5,4,2,4,5,3,3,1,3,3,2,4,4,3,2,3,4,2,4,4,209
P219,3,1,3,3,2,3,3,3,3,4,3,3,3,3,3,3,2,4,2,3,246
P220,5,5,1,4,5,3,,2,4,3,3,2,3,3,3,3,4,2,3,3,283
P221,2,3,4,2,3,3,3,4,2,3,2,4,2,3,2,1,4,3,4,5,320
P222,2,1,5,1,1,5,4,2,5,4,1,1,5,1,2,2,2,4,2,1,357
P223,1,2,4,1,1,3,3,1,3,4,1,1,5,2,2,4,3,3,3,4,194
P224,2,3,2,2,2,5,4,2,4,3,3,3,2,4,3,3,3,2,2,2,231
P225,4,4,4,,3,2,2,4,2,2,4,,5,2,3,3,3,3,2,3,268
P226,1,1,4,2,3,3,4,4,2,3,2,3,3,2,2,4,4,2,4,4,305
P227,4,3,2,3,3,3,2,4,2,3,3,4,2,4,4,4,5,2,5,4,342
P228,4,5,1,4,4,3,4,3,3,4,3,3,2,3,4,3,3,3,3,3,379
P229,3,4,4,4,3,2,2,4,4,,4,2,3,3,3,2,2,4,2,1,216
P230,2,3,4,1,2,2,2,5,,3,2,1,4,2,2,3,3,4,2,2,253
P231,3,3,4,4,3,2,2,3,1,1,2,4,,2,3,1,1,5,1,1,290
P232,2,2,3,2,3,2,4,2,4,4,2,,,2,3,1,1,4,3,1,327
P233,5,5,1,5,5,2,2,5,3,3,4,4,3,5,3,1,1,5,1,1,364
P234,1,3,4,3,2,3,4,,3,4,4,3,3,3,2,3,2,2,4,4,201
P235,3,2,3,2,3,3,1,3,1,2,3,2,4,3,2,4,3,4,2,2,238
P236,2,2,4,4,4,3,3,4,3,2,4,2,3,4,4,3,3,4,3,3,275
P237,2,2,3,2,2,4,3,2,3,4,3,3,4,3,4,2,4,3,3,3,312
P238,3,4,2,3,4,4,3,4,3,4,3,1,3,1,2,4,,3,4,3,349
P239,3,1,4,1,1,3,2,3,3,2,3,3,3,4,3,3,3,3,3,4,186
P240,3,3,3,,3,2,2,3,3,2,3,4,2,3,3,3,4,1,4,5,223
P241,4,4,1,4,5,4,4,2,4,4,5,5,2,5,4,3,2,4,2,2,260
P242,4,2,3,2,3,3,4,1,5,3,3,5,3,2,2,1,2,4,2,1,297
P243,,3,2,5,4,3,3,4,3,2,3,4,3,2,3,2,2,3,2,1,334
P244,3,3,3,3,2,4,5,2,3,5,2,3,4,2,2,2,2,4,,2,371
P245,2,3,4,3,3,3,4,2,3,3,5,4,1,5,5,3,3,4,3,3,208
P246,3,4,1,5,4,1,1,4,1,1,3,2,4,4,4,1,1,5,1,1,245
P247,4,4,2,3,5,3,3,4,3,1,4,3,1,3,4,2,1,4,3,1,282
P248,2,2,,1,2,2,2,4,2,3,3,2,4,1,2,3,3,4,2,2,319
P249,2,3,3,1,3,3,2,4,3,4,3,4,2,4,4,2,1,5,1,2,356
P250,1,2,5,1,2,3,4,4,1,1,4,1,4,1,3,5,4,1,4,5,193
P251,3,4,3,4,4,1,2,3,3,2,5,5,3,5,5,2,4,2,3,5,230
P252,,2,5,2,1,1,1,4,2,2,2,3,3,2,4,1,3,5,2,,267
P253,3,3,3,3,4,5,3,2,4,3,3,3,2,2,2,2,2,3,4,2,304
P254,3,3,4,2,3,4,3,2,4,3,3,3,3,3,4,4,4,2,4,3,341
P255,3,5,3,3,4,4,2,2,4,2,1,1,4,3,1,3,4,4,3,3,378
P256,3,3,1,,5,3,3,3,,3,2,3,4,2,3,2,2,4,2,2,215
P257,,5,2,3,4,3,3,,4,4,3,3,2,3,2,3,3,2,3,3,252
P258,4,3,4,3,2,3,3,3,4,3,4,4,2,5,,3,5,2,3,,289
P259,3,4,3,4,5,3,3,4,3,3,2,3,3,1,3,4,4,2,4,3,326
P260,3,4,2,5,3,4,5,1,5,5,2,2,4,2,2,1,3,3,2,2,363
P261,1,1,5,2,1,4,3,3,2,3,3,2,4,2,3,4,4,1,3,,200
P262,1,1,4,2,2,4,3,2,4,4,1,1,5,2,1,3,4,4,2,3,237
P263,4,3,3,5,5,2,3,,3,2,3,4,2,5,4,3,4,4,4,,274
P264,3,3,5,2,2,5,5,1,5,5,3,3,5,1,3,3,2,4,3,2,311
P265,2,3,4,3,4,3,3,2,4,2,5,3,2,4,3,3,4,2,4,5,348
P266,1,2,4,1,1,3,3,3,3,4,1,3,5,1,1,3,3,2,3,2,185
P267,3,3,3,3,3,5,3,3,4,2,1,2,5,1,1,1,3,4,2,2,222
P268,2,3,2,4,4,4,4,1,3,4,3,3,4,4,2,2,3,3,2,3,259
P269,3,4,5,1,2,,5,3,2,3,2,2,3,3,3,5,4,1,5,4,296
P270,4,4,3,2,3,2,1,5,2,3,3,3,3,3,,1,2,4,2,2,333
P271,3,4,2,2,3,4,5,1,4,5,4,4,1,4,4,2,3,5,4,4,370
P272,2,4,3,4,3,2,2,3,3,2,4,2,3,1,2,3,3,4,2,3,207
P273,5,3,2,4,5,3,2,3,1,1,4,5,2,5,5,5,4,2,5,5,244
P274,3,3,4,4,3,4,5,1,4,4,2,3,3,3,2,3,3,2,3,2,281
P275,1,1,4,1,1,2,4,4,2,2,3,4,1,4,5,3,3,3,4,4,318
P276,4,2,3,1,3,5,5,3,5,4,4,3,2,2,3,1,1,5,1,2,355
P277,1,4,4,3,2,4,4,2,4,5,4,3,2,3,4,5,3,3,3,4,192
P278,3,4,2,4,2,3,3,4,4,2,4,5,1,5,5,4,4,2,4,3,229
P279,3,5,3,4,4,4,4,3,4,5,4,5,2,4,4,4,3,2,4,3,266
P280,3,2,3,4,3,2,4,2,3,3,2,2,4,3,2,4,3,2,2,3,303
P281,4,3,1,3,5,4,4,2,2,4,4,4,1,5,5,3,3,3,3,2,340
P282,3,2,3,3,4,1,1,5,2,1,1,2,3,2,2,2,3,4,3,3,377
P283,3,4,4,3,3,3,3,4,3,4,2,3,3,3,4,3,3,2,3,3,214
P284,3,3,4,3,2,4,1,3,3,2,1,2,4,2,4,3,3,3,3,2,251
P285,2,2,4,4,3,2,2,4,1,2,4,3,2,2,2,2,1,3,1,3,288
P286,4,5,1,3,4,2,3,4,1,2,4,4,2,4,3,2,2,2,1,3,325
P287,2,2,2,3,2,3,4,4,4,3,2,3,4,1,3,1,2,5,2,3,362
P288,4,4,1,4,4,4,4,4,4,3,2,2,4,2,1,2,3,3,3,2,199
P289,2,1,2,3,2,4,5,1,4,4,4,3,2,3,2,4,3,3,4,2,236
P290,5,3,2,5,4,4,3,3,4,4,2,2,3,3,3,2,2,5,1,2,273
P291,3,4,3,5,3,2,1,5,1,1,3,3,1,3,4,1,1,5,3,1,310
P292,3,3,4,2,4,4,4,2,4,5,3,4,1,5,3,3,4,2,3,4,347
P293,2,3,,2,1,2,2,2,2,2,3,3,1,4,3,3,3,4,3,3,184
P294,2,3,3,2,3,5,3,1,3,4,3,3,3,3,4,3,1,4,2,2,221
P295,3,3,4,2,2,3,3,3,3,2,5,4,4,3,3,2,3,4,3,2,258
P296,2,1,5,2,2,3,3,3,3,3,,4,3,4,3,4,4,2,3,5,295
P297,3,3,3,3,2,5,4,2,4,4,4,2,3,2,2,5,5,2,4,4,332
P298,4,4,4,4,2,2,3,5,4,3,3,3,3,,2,3,2,4,2,2,369
P299,3,3,3,3,2,2,2,5,2,2,4,4,3,4,5,2,2,5,3,3,206
P300,4,4,3,3,4,5,3,3,3,3,3,2,4,2,3,3,3,4,1,2,243
