RespID,PE,EE,SI,FC,HM,BI,UB,Gender,AgeGroup,Experience
R1,-0.6298,0.6979,0.4196,0.1033,0.1034,0.3913,0.2305,male,18-29,experienced
R2,-1.9035,-1.9083,-1.4136,-0.7910,-0.1638,-0.5606,0.2622,male,45+,experienced
R3,-1.2609,1.4045,-1.3964,0.6844,1.5055,0.1164,-0.5599,female,30-44,novice
R4,0.0332,1.1338,0.1054,1.2882,1.2383,-0.2403,1.4495,female,18-29,experienced
R5,-0.4050,-0.3804,-1.0822,0.1516,0.6708,-2.0536,-1.3292,female,18-29,experienced
R6,-0.6080,1.6169,0.4196,1.6142,-0.1450,0.3549,0.8488,female,45+,novice
R7,-0.6080,-0.1277,0.7338,0.0806,1.5055,-0.8720,1.6533,female,30-44,novice
R8,0.0332,-0.6108,-0.8283,-1.9630,-0.7313,0.3549,1.4460,male,45+,experienced
R9,-0.6183,0.5053,-0.7509,0.4293,-1.8332,-0.5153,0.2587,male,30-44,novice
R10,-1.4858,-1.6668,-1.9988,0.9622,-0.1638,-2.0536,-0.7636,female,18-29,experienced
R11,-1.6888,-1.0355,-1.0651,-0.4522,1.2383,-1.1559,-0.9357,male,18-29,novice
R12,0.2362,0.0958,0.7338,0.1516,1.5055,-0.5606,-1.1500,female,30-44,novice
R13,-0.1917,-0.1457,-0.1656,-0.1744,-0.1638,-0.2403,-0.7495,female,30-44,novice
R14,1.5202,0.9103,0.7509,1.6142,-0.7313,1.5729,1.0350,female,18-29,experienced
R15,-1.6787,1.1338,0.4971,-0.7910,0.1081,-0.8266,0.0725,female,18-29,experienced
R16,0.0217,0.0581,1.6675,0.1871,0.9381,0.9323,-0.5599,female,30-44,novice
R17,-0.6181,-0.1457,1.0048,-0.1744,-1.2846,0.3460,0.0267,male,30-44,novice
R18,-1.2520,-1.0355,-0.8112,0.1288,-0.9985,0.3095,0.0584,male,18-29,experienced
R19,1.3055,-0.7855,0.1054,-1.0333,0.6708,0.6298,0.2481,male,45+,experienced
R20,0.4293,1.6169,-0.8112,0.1516,1.2241,0.6298,0.6556,male,18-29,experienced
R21,-0.3961,-1.2506,-0.4970,0.7199,-0.1780,-2.0536,-0.9568,female,45+,experienced
R22,0.8891,-1.0073,0.4628,-1.9630,1.5055,0.0710,0.0373,male,45+,experienced
R23,-1.2724,0.7176,-0.4970,0.1161,0.6897,-0.8631,-1.3468,male,45+,experienced
R24,0.4394,1.6169,-0.2088,-0.1744,1.5055,0.0710,0.2622,male,18-29,experienced
R25,1.3069,-1.4724,-0.7680,-0.1744,-1.5660,-0.5517,-0.3385,female,45+,novice
R26,0.4727,-1.2797,0.1486,-0.1744,-1.5660,0.0346,-1.1254,female,18-29,experienced
R27,1.3055,0.2525,-1.6675,-0.7427,0.6708,-0.8356,-0.5423,female,18-29,novice
R28,-1.0579,1.3934,-0.4798,-0.7782,1.5055,0.3460,-0.1347,female,18-29,novice
R29,-0.8343,0.0667,-0.4970,-1.6853,-0.4311,-0.7902,-1.9509,male,30-44,experienced
R30,-1.9035,-1.2574,-0.4367,-1.6853,0.3895,-0.5517,-0.7636,male,18-29,experienced
R31,1.0806,-1.0562,0.7509,-0.4877,-1.2658,0.9866,-0.1312,male,45+,experienced
R32,0.8877,0.9771,-0.7509,-0.7427,1.5055,0.1253,0.4695,female,18-29,novice
R33,0.0334,0.9215,-1.9988,-1.3593,1.5055,-0.5517,-1.3678,female,30-44,novice
R34,0.2247,-1.6668,-0.1656,1.6142,0.3895,0.0346,0.6697,female,45+,novice
R35,1.5202,0.7468,1.6675,1.2882,1.5055,1.5729,1.6533,female,18-29,experienced
R36,1.5202,1.3934,0.6906,0.4293,0.1034,0.3549,0.6239,male,30-44,novice
R37,0.6861,1.6169,1.6675,1.6142,1.5055,1.5729,1.0526,male,30-44,experienced
R38,0.6528,-0.3778,-0.8283,-1.9630,-0.4452,-0.5517,0.4519,male,45+,novice
R39,-0.1917,-0.1080,0.1486,0.9976,-0.7171,0.3460,-0.1523,female,30-44,novice
R40,0.8659,1.2007,1.0651,0.3939,-0.1638,-0.5606,-0.9392,female,45+,novice
R41,-0.1800,-1.2129,0.1657,0.4293,-1.5518,0.3460,-0.1488,male,45+,novice
R42,1.1024,0.7536,0.1486,-0.4167,-0.4311,0.0800,0.0584,male,30-44,experienced
R43,1.5202,-0.7855,0.4799,-0.4522,-0.9985,0.3549,0.2622,male,18-29,experienced
R44,-1.2841,-0.3581,-0.7680,-1.9630,-0.4641,-0.8720,0.0408,male,18-29,experienced
R45,0.4408,0.4924,1.6675,0.7199,1.2194,0.6663,1.4636,female,18-29,experienced
R46,-0.4064,-0.1457,1.3965,1.0104,1.2383,0.3913,-0.1629,male,45+,novice
R47,1.5202,0.9660,1.6675,-0.4522,0.1222,1.5729,1.2422,female,18-29,experienced
R48,1.0923,1.6169,1.6675,1.6142,0.1222,1.5729,1.6533,female,45+,experienced
R49,-0.6183,1.1630,-1.9988,1.0104,0.1175,-1.4219,0.6556,male,18-29,experienced
R50,1.0921,0.7648,-0.7077,1.6142,1.2194,0.0710,0.6415,female,18-29,novice
R51,-1.4858,-0.4069,-0.4970,0.3811,-1.2799,-1.1834,-0.7285,female,18-29,experienced
R52,1.5202,-0.5996,-0.4970,1.0104,-0.4499,-1.1469,-1.9509,male,18-29,novice
R53,0.4394,-0.8035,-1.6675,1.0459,1.5055,1.0230,0.6380,female,18-29,experienced
R54,-1.2609,-1.2591,-1.0994,-1.6725,0.6897,-1.1469,0.8488,male,30-44,experienced
R55,-1.0359,1.1810,-0.8112,0.4421,0.3848,0.6663,-0.7495,female,45+,novice
R56,-1.4858,0.9300,-1.9988,0.1161,0.1222,0.3549,1.6533,female,30-44,novice
R57,-1.2391,-1.6848,-1.3964,-1.3465,0.1222,-1.7333,-0.5388,male,30-44,experienced
R58,-0.6298,-0.1457,-0.1053,0.1033,-0.9985,-1.4583,-1.7613,male,45+,experienced
R59,0.6861,0.2817,1.0220,-0.4522,0.9381,0.9412,0.8664,female,18-29,experienced
R60,-1.7005,-1.4432,-1.4567,-0.7910,-1.8332,-1.7786,-1.9509,female,30-44,experienced
R61,-0.3933,1.1810,0.8113,-1.9630,1.2383,0.9777,-1.3537,male,45+,novice
R62,-1.6787,-0.3581,-0.4367,0.4293,1.5055,0.0435,0.0725,male,30-44,experienced
R63,-0.1903,0.5318,1.6675,0.1033,1.5055,0.3460,0.2657,male,30-44,novice
R64,-0.4181,0.0581,0.1054,0.1033,0.1034,0.9412,-0.3526,male,30-44,experienced
R65,-0.3961,-1.6848,-1.4136,0.7199,0.9569,-0.8356,-1.1430,male,18-29,novice
R66,1.3069,-0.1654,-0.7077,0.1033,-0.4499,0.6663,1.4636,female,30-44,novice
R67,-0.6195,0.0778,0.3764,-0.1744,0.1222,-1.1469,-0.9392,male,45+,experienced
R68,0.4495,0.7468,0.7509,1.0104,0.6755,0.9866,0.0549,male,45+,experienced
R69,0.8776,0.3082,1.6675,-0.2227,1.2194,1.2980,1.2457,male,30-44,experienced
R70,-0.8343,-0.1457,0.1226,-1.6370,1.5055,-1.4672,-0.7530,female,18-29,experienced
R71,0.8994,-0.1654,0.1657,0.3456,-0.1827,-0.5153,0.0584,male,30-44,novice
R72,-0.6197,0.9103,-0.1656,-0.4650,-1.2658,-1.4219,-0.7354,male,45+,experienced
R73,0.0332,-0.8438,-1.1254,0.4548,0.3848,-0.5517,-0.3526,male,45+,novice
R74,-0.8446,-0.5731,0.1486,0.3939,0.1175,-0.8266,0.4519,male,18-29,novice
R75,1.5202,0.7536,0.1054,-1.0687,1.5055,0.9412,0.8523,female,45+,experienced
R76,-0.1802,-0.9979,0.4196,1.0459,-1.2799,1.2980,1.6533,male,30-44,novice
R77,0.4380,0.7733,0.4196,1.3364,0.1175,0.6663,0.6239,female,45+,experienced
R78,1.0820,0.0667,-1.9988,-0.7910,0.3895,0.3460,-1.7613,male,18-29,novice
R79,-0.6429,0.9592,0.1486,-0.1389,-1.2987,-0.8720,0.0514,male,45+,experienced
R80,0.6629,-0.5911,-0.8112,-1.3593,-1.5471,0.6663,0.4554,female,45+,experienced
R81,-0.8228,1.1810,-1.3533,1.2882,-1.5660,-0.5153,-0.1347,female,18-29,experienced
R82,0.4509,1.6169,1.6675,-0.4522,-1.8332,0.6752,0.6767,male,30-44,novice
R83,1.0806,-1.2797,-0.1656,0.9622,-0.9985,-1.1469,-0.3244,female,18-29,novice
R84,-0.1917,-0.3872,0.2089,-0.4650,-1.2799,-1.4308,-0.7495,male,30-44,experienced
R85,0.8891,-1.2600,0.4196,0.6716,-0.7313,0.0346,0.6591,male,30-44,experienced
R86,-0.4282,0.5206,1.3362,0.3811,-1.5660,0.6752,-0.3350,male,30-44,novice
R87,-0.1814,-0.7770,1.0220,-0.1262,0.1364,0.9866,1.0350,male,45+,novice
R88,-0.3947,-0.9893,-1.0391,0.4293,-0.4499,-0.2403,0.4554,male,45+,novice
R89,1.2954,0.4941,0.7941,-1.0687,1.5055,0.0710,-1.7613,male,18-29,novice
R90,0.0116,0.7356,-1.0822,-0.8392,-0.1638,-0.2403,-1.9509,female,45+,novice
R91,1.5202,-0.3496,1.6675,-0.8037,-0.7124,0.9412,0.4202,male,30-44,novice
R92,-0.1917,0.2817,-1.6675,0.3939,-0.9985,-0.2403,-0.1488,female,18-29,experienced
R93,0.2465,0.4829,-0.1053,0.4548,1.2383,0.6663,1.0702,male,18-29,novice
R94,-1.6787,-1.2394,-0.4970,-0.7782,-0.9797,-2.0536,-0.9709,male,30-44,experienced
R95,1.5202,1.6169,-0.1656,0.7326,-0.4452,1.5729,1.0385,male,45+,experienced
R96,-1.0476,-1.9083,-1.3964,-0.1744,0.9381,-1.4583,0.8629,female,45+,experienced
R97,1.2954,0.9771,1.3533,1.6142,-0.1591,1.5729,0.8664,male,18-29,experienced
R98,-0.6415,0.6867,-0.7509,-0.1744,0.4036,-1.1469,-0.3702,male,30-44,novice
R99,1.5202,0.5232,1.3965,0.7071,1.2383,1.5729,1.0350,female,45+,experienced
R100,-1.0490,-0.5996,1.3965,-0.8265,-1.2846,0.3460,0.0408,female,30-44,novice
R101,0.8687,1.3754,-1.0219,1.6142,0.6708,0.3913,1.4495,male,45+,novice
R102,-1.9035,-1.0090,-1.4136,1.0104,0.4225,-1.4219,1.6533,female,30-44,experienced
R103,-1.2492,-0.7855,0.7509,-1.3593,-1.2846,-0.2403,-1.9509,female,18-29,experienced
R104,-0.1917,-0.1457,-0.1656,-0.1744,-0.1638,-0.2403,-0.7495,female,30-44,experienced
R105,0.4509,-0.0995,-1.6675,0.4421,-0.4452,0.3913,1.2387,female,30-44,novice
R106,0.6526,-1.9083,0.7509,-0.1262,-1.8332,0.0346,-0.3420,male,45+,experienced
R107,-1.4768,-1.4836,-0.2088,0.6716,-1.8332,-0.5606,-0.5599,male,18-29,experienced
R108,0.4394,0.0402,-0.1225,-1.0333,0.6850,-0.5153,-0.1523,female,18-29,novice
R109,-1.0462,-0.9961,-0.4367,0.9622,0.6708,0.6663,0.8277,female,30-44,novice
R110,0.8776,0.9480,-0.7680,1.3364,-0.9985,1.2615,0.6732,female,30-44,experienced
R111,1.5202,0.5318,-0.4970,-1.0560,1.5055,1.5729,1.6533,female,30-44,experienced
R112,1.2954,0.5403,0.1054,-0.7910,0.3895,-0.2857,-0.5282,female,45+,experienced
R113,-0.8214,-0.8147,1.3362,-0.2227,-0.9985,0.4003,0.8488,female,30-44,novice
R114,0.8788,-0.1722,-0.1656,0.4293,0.1175,0.0800,-1.5364,male,30-44,experienced
R115,1.0820,0.2705,-0.4367,-1.6853,-0.4499,-0.5153,-1.7437,male,45+,experienced
R116,0.0231,1.6169,0.1486,1.0586,1.2383,0.0710,0.2481,male,30-44,experienced
R117,1.3069,-0.3693,-0.7509,-0.1744,-1.8332,0.9412,-0.5282,female,45+,experienced
R118,-1.9035,0.5232,-1.4136,-1.3110,0.4036,-1.4672,-1.7613,female,30-44,experienced
R119,1.0705,-0.1457,-0.1656,-1.9630,0.4036,-0.8356,-1.9509,female,30-44,novice
R120,-1.2724,-0.6108,-0.4367,1.0331,-0.4499,-2.0536,0.0549,male,18-29,experienced
R121,0.8659,1.1698,1.0220,0.7808,0.9522,0.3913,1.4636,male,18-29,novice
R122,-0.4165,0.9283,-1.6846,0.4421,1.5055,-1.4672,-1.3537,male,30-44,novice
R123,0.4509,-1.6668,0.0882,-0.7427,-1.5660,-0.5517,-1.7472,female,18-29,experienced
R124,0.0217,-1.6848,-0.4195,0.3939,0.6708,-0.5606,-0.1523,male,18-29,experienced
R125,-1.4755,-1.9083,-1.7278,-0.1389,-1.5660,-2.0536,-1.9509,male,30-44,experienced
R126,-0.4282,0.7064,0.2260,0.4421,0.6708,0.3460,0.0549,female,30-44,experienced
R127,-0.6197,-1.0005,0.7338,1.3364,-1.5660,0.3460,1.6533,male,18-29,novice
R128,-0.1917,-1.2394,1.0220,-0.1262,-0.7171,-0.5153,1.0526,male,18-29,novice
R129,-0.2018,-0.1345,-1.4136,-1.3465,0.6708,0.9777,0.2587,female,30-44,novice
R130,-1.6888,-1.4253,-1.0219,-1.6853,-1.8332,-1.7422,-0.5423,female,30-44,experienced
R131,1.0921,0.7536,0.2260,-0.7782,-1.2799,0.3549,-0.3350,female,30-44,novice
R132,1.5202,1.6169,0.4799,1.6142,1.5055,1.2980,-0.1629,male,18-29,experienced
R133,-1.2607,-0.3581,-1.6846,-1.3948,0.3895,-0.8631,0.0760,female,45+,experienced
R134,-1.6787,-0.3693,-1.7278,-1.0205,0.3848,-2.0536,-1.9509,female,18-29,experienced
R135,1.0705,-0.3693,0.7338,0.3939,-0.1685,-0.5153,-0.3667,male,18-29,experienced
R136,1.5202,0.9686,0.1486,0.6844,1.5055,1.5729,1.6533,female,30-44,experienced
R137,0.0449,-0.3984,0.4971,1.6142,0.1034,0.3913,0.0408,female,30-44,novice
R138,1.5202,-1.0355,0.1657,-1.0915,-0.1827,0.3549,-1.1289,female,45+,novice
R139,1.5202,1.6169,1.6675,1.0331,0.4036,1.5729,1.6533,male,18-29,experienced
R140,0.6629,1.6169,-0.4970,1.0459,1.2194,1.2526,-1.3468,male,18-29,experienced
R141,1.5202,0.9103,-0.4367,1.0104,0.1364,1.5729,0.8453,female,18-29,experienced
R142,0.2378,0.7441,0.4799,-0.2099,-0.1638,0.7027,-1.5399,female,45+,experienced
R143,1.3055,1.6169,0.4368,1.0104,0.9522,1.5729,1.2598,female,18-29,experienced
R144,0.4509,0.9506,-0.2260,-0.1744,1.2241,-0.8720,0.6591,male,45+,novice
R145,-0.6298,0.7383,1.0823,1.6142,0.9381,0.7116,1.6533,male,18-29,novice
R146,-0.6080,-0.1277,0.1054,-0.4877,-0.7124,1.2980,-1.5399,female,30-44,experienced
R147,-1.2506,0.7159,-1.1254,0.4421,-0.7313,0.3460,-0.1137,female,45+,experienced
R148,0.4291,0.0761,1.3965,1.0104,-0.4311,1.2526,1.0350,male,30-44,experienced
R149,0.4495,0.3014,0.1657,-1.6370,-0.1638,1.2526,0.6556,female,30-44,experienced
R150,-1.6888,-1.9083,-0.4367,1.6142,0.1222,-1.1469,-1.5540,female,45+,experienced
R151,-1.4755,0.2997,-0.8112,-0.1744,-0.4452,-1.1834,1.0420,male,30-44,experienced
R152,-1.4755,0.3082,-1.0651,0.1161,0.9569,-1.7422,-0.9392,female,45+,experienced
R153,1.5202,0.9300,1.3533,-0.4167,-0.7266,0.3913,-0.9709,male,18-29,experienced
R154,1.5202,1.6169,1.3965,0.1033,0.6520,0.6663,1.6533,male,30-44,experienced
R155,1.5202,1.6169,1.6675,1.6142,1.5055,1.5729,1.2387,female,30-44,experienced
R156,-0.1699,-0.5714,-0.1656,-0.1744,-0.9985,-1.7786,-0.9533,female,45+,experienced
R157,-1.7005,-1.9083,-0.4538,-1.0687,-1.8332,-2.0536,-1.7472,female,18-29,experienced
R158,-1.9035,-0.7967,1.0220,0.4421,-1.2846,-1.1469,1.4460,male,45+,experienced
R159,1.1024,-0.8232,-0.1656,-0.1617,-0.7171,1.5729,1.0561,male,30-44,experienced
R160,0.8790,0.0958,0.1054,-0.7300,-1.8332,-0.8720,-0.5634,female,45+,novice
R161,-1.4640,0.1043,1.6675,1.3236,-0.7171,-0.8266,-0.3244,female,30-44,experienced
R162,1.5202,1.6169,0.7078,-0.1744,0.1034,0.0800,0.8312,female,30-44,experienced
R163,-1.0708,-1.2394,-0.7680,-0.7782,-0.1827,-0.5153,0.0373,female,45+,experienced
R164,-0.8432,-0.3693,-1.3533,-1.9630,0.4083,-0.8720,-1.5716,female,18-29,novice
R165,0.8776,-0.2014,-1.3704,-1.1170,1.5055,0.9777,0.2481,female,18-29,experienced
R166,0.8673,-0.7478,-0.2088,-1.3465,0.6708,1.5729,-0.7671,female,30-44,experienced
R167,0.8790,0.0667,0.4971,-1.6725,1.2194,1.2980,1.4636,male,45+,novice
R168,1.5202,0.9771,1.3965,1.0331,0.6708,0.6573,1.0526,female,45+,experienced
R169,-1.0591,-0.5619,1.6675,-1.6853,0.1222,-1.1105,-0.9392,female,30-44,experienced
R170,-0.8329,0.9480,-0.7680,0.7326,-1.2846,0.0346,1.2598,male,30-44,experienced
R171,-0.6195,1.1338,1.3533,1.6142,-0.1638,-0.5971,0.8594,male,30-44,experienced
R172,0.0217,-0.3693,-0.7940,-1.3593,0.6708,-0.5517,0.8488,male,18-29,experienced
R173,0.2364,0.9592,-0.4195,0.4421,-0.1638,-0.2857,0.6346,male,45+,novice
R174,0.0114,-0.7366,-1.0219,-0.2099,0.1034,0.0435,-1.9509,female,45+,novice
R175,-0.6080,-1.4432,1.3533,-1.0815,-1.8332,-1.1105,0.2446,male,18-29,novice
R176,1.5202,0.5138,-1.6675,-0.7782,1.5055,0.6663,1.2563,male,18-29,experienced
R177,1.0806,1.1715,-0.2088,0.9976,0.6520,0.7027,1.6533,female,30-44,novice
R178,-1.2607,-1.9083,0.7681,-1.9630,-1.2799,-0.5517,0.2657,female,45+,experienced
R179,-0.1930,-1.9083,1.0823,-1.0333,-0.4499,0.6663,-0.1453,female,30-44,novice
R180,-1.6888,0.0667,0.1486,-0.5004,1.5055,-1.1105,-1.3361,male,45+,experienced
R181,-1.2609,-0.5816,-1.3361,1.3364,-0.7171,-0.2857,-1.1254,male,45+,novice
R182,0.0332,1.1895,-1.9988,0.9976,1.5055,-0.5517,0.0267,female,30-44,novice
R183,0.2350,-0.0789,1.3965,-0.7782,0.9569,0.9866,0.8312,female,30-44,novice
R184,0.0114,-1.6848,1.0220,-0.7910,-1.5660,-0.2768,-1.1571,male,18-29,novice
R185,-0.4165,1.3934,-0.8112,0.3939,-0.7124,-0.2403,-0.5599,female,18-29,experienced
R186,1.5202,-0.3496,0.1054,0.1643,-0.1638,0.3913,0.8594,male,45+,experienced
R187,-0.1930,-1.0270,0.4196,-0.4650,-1.8332,-0.2403,0.4378,female,30-44,novice
R188,0.0100,0.2885,-1.0822,0.9976,-0.7313,0.3549,1.6533,female,18-29,experienced
R189,1.5202,-0.3872,1.0651,1.3364,-1.8332,1.2615,0.4343,female,18-29,experienced
R190,1.1038,0.0958,1.6675,-0.1744,0.3895,1.5729,0.6556,male,18-29,experienced
R191,-1.9035,-1.6848,0.4196,0.1033,0.1081,-1.4219,0.0267,male,30-44,experienced
R192,0.2479,0.7441,0.1486,0.4293,1.5055,1.5729,0.4519,male,45+,experienced
R193,0.8673,1.3754,0.1054,0.4293,0.1034,0.7027,0.4660,male,18-29,experienced
R194,-0.1917,-0.1457,-0.1656,-0.1744,-0.1638,-0.2403,-0.7495,male,45+,novice
R195,0.4713,1.6169,1.0651,1.3364,0.6708,1.5729,1.0420,male,18-29,experienced
R196,0.2465,-1.4432,1.6675,-1.6370,0.6897,0.6663,-0.3526,female,45+,experienced
R197,1.0935,0.7553,1.0220,0.9976,-0.1638,0.9866,-0.7319,male,45+,novice
R198,1.3055,0.4744,1.0823,0.1516,0.1222,1.2980,0.8664,female,30-44,experienced
R199,0.6528,0.0958,-0.1656,0.4648,-0.4452,0.3913,0.2622,male,30-44,experienced
R200,-1.9035,-0.3581,-1.9988,0.7326,-1.8332,-2.0536,-0.3385,female,45+,experienced
R201,-0.4167,0.9395,1.0651,-0.1262,0.1175,0.3549,0.4625,male,18-29,novice
R202,0.6540,-1.4544,-0.2260,1.0104,-1.2846,-2.0536,-0.1488,female,45+,novice
R203,-0.1930,-1.2771,-1.3361,-1.1170,-0.1638,-0.2857,0.4378,male,45+,experienced
R204,0.2362,-1.0467,-0.5573,1.3364,-0.7313,0.0346,0.4519,female,45+,novice
R205,-0.6195,0.2902,0.4799,-1.6725,-1.2658,0.6209,0.8418,female,45+,novice
R206,-1.6902,1.1338,-1.0822,1.6142,0.1175,-0.5153,1.2563,male,30-44,experienced
R207,-0.6094,-0.1654,0.4799,-1.9630,0.6661,-0.8356,0.4378,female,30-44,experienced
R208,1.0820,-0.8232,-1.0822,0.1161,0.6755,0.6209,0.0443,female,30-44,experienced
R209,1.2954,1.6169,-0.1656,-0.5132,-0.1497,1.5729,1.0561,male,18-29,experienced
R210,0.2362,1.3934,0.3764,-1.6725,1.5055,1.5729,-0.5282,male,45+,novice
R211,-1.0476,-0.8258,-0.8112,0.7326,0.9522,0.0710,1.6533,male,18-29,experienced
R212,0.0449,-0.3496,1.6675,1.6142,-1.5471,0.3913,1.4460,female,18-29,novice
R213,-1.6888,-1.0270,1.6675,-1.6725,1.2383,0.0710,-0.1347,female,45+,experienced
R214,-0.6195,-0.1080,-0.8112,1.3364,0.6708,-1.4219,0.0584,male,45+,experienced
R215,0.8891,-0.1277,-0.7680,1.0459,1.5055,0.6663,-1.1465,male,18-29,experienced
R216,1.5202,0.0958,1.6675,0.7426,0.0987,0.6663,1.0526,female,45+,experienced
R217,0.8776,1.6169,0.1657,1.6142,-0.4594,0.0710,1.0526,female,45+,experienced
R218,-1.0476,0.5515,-1.0651,-1.0560,-0.1638,-1.1469,0.6415,male,45+,novice
R219,-0.5977,-0.1542,-0.4798,-0.7300,-0.1638,-2.0536,-0.9427,female,30-44,experienced
R220,-0.6197,-1.2394,-0.8112,-1.6725,-1.8332,-2.0536,-0.9709,male,18-29,experienced
R221,-0.2020,0.5232,-0.5401,-0.7427,0.6708,1.2615,-1.3326,female,18-29,novice
R222,-1.6787,-1.2197,-0.4970,-1.1042,0.1175,-0.8356,-0.1805,male,18-29,experienced
R223,-1.0476,-0.1457,-0.4970,0.1033,-0.9985,-0.2403,0.0584,female,18-29,novice
R224,0.8893,0.5232,1.3362,1.2882,-0.1638,0.9412,1.4460,female,18-29,experienced
R225,-0.5979,-0.1165,-1.0219,-1.9630,-0.9985,-0.6060,-1.9509,female,18-29,experienced
R226,-1.4755,0.0667,-0.4970,-0.7910,0.4036,-2.0536,0.2481,female,18-29,experienced
R227,-0.6080,0.7064,-0.7509,1.6142,-0.4688,-1.7786,-0.9744,male,30-44,experienced
R228,0.2479,0.2817,-0.4798,0.1161,-0.9985,0.0800,-1.7472,male,45+,novice
R229,-1.0476,1.6169,1.6675,1.3236,-0.4311,0.6663,1.0491,male,30-44,novice
R230,0.0347,0.7648,0.7509,-1.1170,0.0845,0.0346,-1.1606,male,30-44,novice
R231,-0.6312,0.7356,-1.0822,0.7326,-0.7313,-0.5242,0.0584,male,45+,experienced
R232,0.0244,-0.3581,1.3362,0.7681,0.9381,0.0710,-0.3350,female,45+,experienced
R233,-1.2738,-1.4629,0.1657,-0.4522,-0.4499,0.0435,-1.3361,female,30-44,novice
R234,0.2261,-1.6848,0.7509,-1.6853,0.9381,-0.8720,-1.5364,male,30-44,novice
R235,-0.3947,0.2722,-0.4970,0.1516,0.3848,-1.1016,-0.3385,female,45+,experienced
R236,1.5202,-1.2506,-0.8112,1.3236,-0.4452,0.0710,-0.3702,female,18-29,experienced
R237,-0.8228,0.4924,-1.0391,1.0459,1.5055,0.0710,0.2305,female,30-44,experienced
R238,-0.4165,-0.9979,0.1657,-0.4395,0.3895,-0.2403,-0.1664,female,45+,novice
R239,0.4394,0.3082,0.0882,-0.7910,-1.8332,-0.2403,-1.7437,male,30-44,experienced
R240,0.4394,0.9771,0.1054,0.1033,-0.7124,0.9412,0.0267,male,30-44,experienced
R241,-0.4050,-1.2394,-0.2260,-1.3110,0.6708,0.0346,1.2387,female,45+,novice
R242,-0.8344,-0.3778,-0.8112,1.3364,-1.5471,-1.4583,-1.3537,male,45+,novice
R243,-0.6094,-1.9083,-1.6846,-0.1744,-0.6983,-1.1469,-1.1289,male,30-44,novice
R244,1.5202,-0.1749,0.4196,-1.0687,-1.0032,0.6663,-1.3502,female,30-44,experienced
R245,-0.4064,-1.2686,1.6675,1.0586,-0.7124,1.2526,0.2305,male,30-44,experienced
R246,1.5202,1.6169,1.6675,0.3939,1.5055,1.5729,1.6533,female,18-29,experienced
R247,0.4394,0.0761,0.4799,0.1161,1.2194,-0.8720,0.2340,male,18-29,novice
R248,-0.8459,-1.0270,-1.4136,-0.4650,0.6850,-0.5242,-0.7530,female,45+,experienced
R249,-1.4640,1.1715,-0.7077,0.7681,0.1222,0.6663,0.0267,male,30-44,experienced
R250,0.6542,-1.2197,-1.3533,0.1033,-0.4452,0.0710,0.4519,female,18-29,experienced
R251,0.2247,-1.6668,-0.2260,-0.1617,-0.7313,-0.2403,0.4378,female,18-29,novice
R252,-0.8228,-1.2309,-0.1656,-0.8265,0.1222,-0.2493,-0.9498,male,18-29,experienced
R253,1.3055,0.9968,-1.6675,0.6844,0.0987,0.3913,0.0443,female,30-44,experienced
R254,-1.2623,1.6169,0.4196,1.6142,1.5055,0.4367,0.6415,male,30-44,novice
R255,-1.0490,0.2705,-0.7680,0.3811,0.1034,0.6663,0.6415,male,18-29,novice
R256,-0.8446,1.1715,-1.9988,-0.5004,-0.1497,0.3913,0.0760,male,18-29,novice
R257,0.6542,-0.3581,0.7509,0.1033,-1.2658,1.5729,1.0385,male,45+,experienced
R258,-0.1917,0.9395,0.1054,1.3236,0.3895,-0.2768,-0.9392,female,18-29,novice
R259,-1.0694,-0.1345,-1.0822,-1.0560,0.4036,-2.0536,-1.5364,female,45+,novice
R260,-0.1917,-0.3496,-0.1656,0.9976,-1.8332,0.3460,0.8629,female,18-29,novice
R261,-0.6298,0.7733,-0.8112,0.1516,0.1034,-0.2403,-1.9509,female,30-44,novice
R262,0.6526,-1.0355,1.6675,0.3939,-0.4499,-0.2403,0.0232,male,45+,novice
R263,1.3055,0.9660,-0.4970,0.4421,0.3895,-0.2403,-1.9509,female,30-44,novice
R264,1.5202,1.1810,1.6675,-1.0815,0.1222,1.2615,0.4554,female,30-44,experienced
R265,1.5202,1.6169,0.4799,1.3364,0.9522,1.5729,1.0526,female,18-29,experienced
R266,-0.6094,1.3754,1.3533,-0.1262,1.5055,0.0346,0.6767,female,45+,experienced
R267,1.5202,0.7356,1.6675,0.1161,0.6708,1.5729,1.6533,male,30-44,experienced
R268,-0.8560,0.0667,-0.1656,0.9622,-1.5518,-1.1380,-1.3678,male,45+,experienced
R269,1.1038,-1.6960,0.1486,-0.5004,-0.9985,-0.5153,-0.5458,female,45+,novice
R270,0.2479,-0.8411,-0.4367,-1.6370,1.2383,0.0800,0.2446,female,45+,novice
R271,-0.4167,0.9395,1.0823,-0.4522,0.6708,-0.5153,1.2563,male,45+,experienced
R272,-0.1917,0.9592,-0.1656,1.0331,1.5055,0.3549,1.0350,female,45+,novice
R273,0.2261,-0.3496,-1.0822,0.6716,-0.7360,-0.5153,0.2446,female,30-44,novice
R274,-0.3961,-1.2394,-1.0822,-0.1744,-0.9985,-0.5606,-0.3526,female,30-44,novice
R275,-1.0462,0.5412,0.1226,-0.7782,-0.9985,-1.4219,0.0549,female,30-44,experienced
R276,-0.6197,0.2902,0.4368,-1.9630,0.9381,-0.2403,-1.7613,male,30-44,novice
R277,-1.9035,-0.5242,-1.7278,-0.7427,0.1034,-0.8266,-0.3526,male,30-44,experienced
R278,1.2954,0.5232,1.6675,-1.0333,1.2383,1.5729,0.6239,female,30-44,experienced
R279,-0.2135,-1.9083,1.0823,-1.3948,-1.2987,0.3549,-0.5282,male,18-29,experienced
R280,-1.0143,-1.0467,0.4024,-1.9630,-0.1638,-1.4583,-1.9509,male,18-29,experienced
R281,1.5202,1.1518,0.7509,0.4648,0.3848,1.5729,1.2598,female,30-44,experienced
R282,1.0921,1.4045,0.7509,0.7199,-1.5518,0.6663,-0.9392,female,18-29,experienced
R283,-0.2020,0.0958,1.0220,-0.1872,-0.6983,0.0800,-0.7354,male,30-44,experienced
R284,0.8891,0.5035,1.6675,0.3939,0.4036,1.5729,0.8453,female,45+,experienced
R285,-0.1701,-1.0270,-0.1656,1.2882,-1.2799,0.0346,-0.1629,male,18-29,novice
R286,-1.0476,0.9771,0.3593,-1.0687,0.1034,-0.7902,-1.9509,female,45+,novice
R287,0.4394,1.1630,1.6675,0.4293,0.3895,0.9777,0.0584,female,18-29,novice
R288,-0.1917,-0.1457,-0.1656,-0.1744,-0.1638,-0.2403,-0.7495,male,30-44,novice
R289,-0.8228,-1.2506,0.1486,-0.7910,-1.8332,0.0346,-1.1782,male,18-29,novice
R290,0.6542,-1.4544,0.2089,1.3364,-0.9985,-1.4130,0.0725,female,30-44,novice
R291,0.2261,-0.8147,0.7509,1.6142,-1.2799,-0.8720,0.4519,male,30-44,experienced
R292,-0.8432,-1.9083,0.1657,0.3939,-1.8332,-0.2403,0.6556,male,45+,experienced
R293,1.3055,1.3934,1.3362,-1.9630,1.5055,1.5729,0.4167,female,18-29,experienced
R294,0.4612,0.2997,1.3533,0.3939,0.9569,1.5729,0.0549,male,30-44,experienced
R295,1.0921,-0.7760,-1.0822,-1.9630,0.1034,-1.4672,-0.9533,female,45+,novice
R296,-0.6312,-1.2797,0.4368,-0.1617,-0.4499,-0.8356,0.8453,male,30-44,experienced
R297,0.6746,0.9592,1.0823,0.7681,1.5055,1.5729,0.6415,female,18-29,experienced
R298,0.4713,0.5429,-0.1053,1.0459,0.3895,-0.2039,0.2446,female,45+,experienced
R299,-0.1930,0.5009,0.7941,1.3236,1.2383,1.5729,1.6533,male,18-29,novice
R300,0.0332,-0.3872,1.0823,0.3811,1.2241,1.5729,1.0667,female,18-29,novice
R301,1.3172,0.0487,0.7509,0.1516,1.5055,1.2526,0.4343,female,18-29,experienced
R302,-0.4165,1.1518,-1.6846,-0.1744,0.4036,0.3460,0.0725,male,45+,experienced
R303,1.3055,0.0778,0.1054,1.0459,1.2383,1.2980,0.8770,female,45+,experienced
