RespondentID,Department,Gender,Tenure_band,Works_remotely,Vigor1,Vigor2,Vigor3,Dedication1,Dedication2,Dedication3,Absorption1,Absorption2,Absorption3
R001,Operations,male,2-5 years,No,3,1.0,2,2,3,3,1,2,3.0
R002,Finance,male,6-10 years,No,5,6.0,4,7,5,5,5,5,6.0
R003,Sales,male,2-5 years,No,3,3.0,3,5,4,5,5,5,4.0
R004,Finance,female,2-5 years,Yes,2,3.0,4,4,3,5,5,2,4.0
R005,Operations,female,6-10 years,No,2,2.0,3,2,2,4,6,5,3.0
R006,Finance,male,2-5 years,No,5,7.0,4,5,5,5,7,6,7.0
R007,Sales,male,<2 years,No,5,6.0,5,4,4,5,5,5,6.0
R008,Operations,male,6-10 years,Yes,4,4.0,6,5,4,6,5,7,7.0
R009,IT,female,<2 years,No,4,5.0,5,2,4,3,2,5,4.0
R010,IT,female,2-5 years,No,5,6.0,5,5,4,3,6,5,5.0
R011,Sales,female,2-5 years,Yes,3,2.0,2,1,2,3,4,1,3.0
R012,Operations,male,<2 years,Yes,4,3.0,3,3,5,5,5,2,5.0
R013,Finance,female,2-5 years,No,3,3.0,3,4,3,5,2,1,3.0
R014,Finance,female,<2 years,No,4,4.0,2,3,3,4,6,4,5.0
R015,Sales,female,6-10 years,No,6,,6,5,5,4,3,2,3.0
R016,HR,female,2-5 years,No,5,6.0,4,5,6,5,7,5,7.0
R017,Finance,male,>10 years,Yes,7,6.0,5,4,3,4,5,4,5.0
R018,Finance,female,2-5 years,No,2,3.0,2,4,4,3,5,5,
R019,Sales,male,<2 years,No,4,2.0,3,3,4,5,1,4,4.0
R020,Sales,female,6-10 years,No,4,1.0,3,5,4,5,4,3,5.0
R021,Finance,male,6-10 years,No,3,4.0,3,2,2,3,2,3,4.0
R022,IT,male,6-10 years,Yes,5,2.0,6,7,7,7,4,7,5.0
R023,Sales,male,<2 years,No,2,2.0,6,1,3,2,3,5,3.0
R024,HR,male,<2 years,Yes,5,6.0,6,6,5,6,3,4,4.0
R025,IT,male,2-5 years,No,7,6.0,6,7,7,7,3,5,5.0
R026,IT,female,>10 years,No,3,5.0,4,4,4,4,2,5,4.0
R027,Operations,female,2-5 years,Yes,1,,3,3,3,3,5,4,4.0
R028,Finance,female,>10 years,Yes,3,3.0,3,3,2,2,4,3,4.0
R029,Sales,male,<2 years,No,2,2.0,3,2,2,2,1,1,2.0
R030,IT,female,6-10 years,No,1,4.0,4,4,3,4,2,3,3.0
R031,Operations,female,2-5 years,Yes,4,7.0,5,6,3,6,5,6,5.0
R032,Operations,male,>10 years,No,2,2.0,1,3,3,3,3,5,2.0
R033,Finance,male,<2 years,No,4,4.0,1,2,4,3,3,4,4.0
R034,IT,male,6-10 years,No,4,4.0,1,1,2,3,3,4,3.0
R035,Finance,male,6-10 years,Yes,5,3.0,4,3,2,3,3,3,4.0
R036,Sales,male,<2 years,Yes,3,5.0,4,4,1,2,4,6,5.0
R037,HR,male,6-10 years,No,3,6.0,5,5,5,5,5,4,4.0
R038,Finance,male,<2 years,No,4,3.0,3,4,5,5,4,4,
R039,Operations,female,>10 years,No,4,3.0,5,3,3,2,3,4,3.0
R040,Finance,male,<2 years,Yes,4,4.0,2,3,2,3,2,4,3.0
R041,Operations,male,<2 years,No,4,4.0,4,7,5,7,5,6,4.0
R042,Operations,female,<2 years,No,3,6.0,4,4,6,4,3,4,2.0
R043,IT,male,<2 years,Yes,4,4.0,3,5,4,5,4,1,2.0
R044,Operations,female,2-5 years,No,6,5.0,5,7,6,6,4,3,4.0
R045,IT,female,2-5 years,No,4,3.0,3,7,5,5,2,3,
R046,Sales,male,<2 years,No,6,5.0,6,6,7,6,5,5,6.0
R047,HR,female,<2 years,No,6,4.0,4,7,7,7,6,3,5.0
R048,Operations,male,2-5 years,No,6,4.0,3,6,6,4,5,4,5.0
R049,IT,female,<2 years,No,3,2.0,4,5,3,3,5,4,4.0
R050,Finance,female,2-5 years,Yes,4,3.0,3,6,5,3,3,5,6.0
R051,Operations,female,6-10 years,No,4,5.0,5,6,6,7,2,4,4.0
R052,Finance,male,<2 years,No,4,5.0,5,1,3,2,5,5,3.0
R053,IT,male,6-10 years,No,2,1.0,3,1,3,3,2,3,5.0
R054,Sales,male,6-10 years,No,5,4.0,3,2,3,2,3,2,1.0
R055,Operations,male,<2 years,Yes,2,1.0,2,3,2,1,4,2,3.0
R056,Operations,male,<2 years,No,3,4.0,4,3,4,2,7,6,5.0
R057,Operations,female,6-10 years,No,6,5.0,7,3,3,4,6,5,6.0
R058,IT,male,<2 years,No,5,4.0,4,4,3,3,2,3,2.0
R059,IT,female,<2 years,Yes,4,4.0,5,5,3,6,7,6,4.0
R060,Sales,female,>10 years,No,2,1.0,2,2,1,1,3,4,5.0
R061,Sales,female,2-5 years,Yes,6,5.0,6,6,6,5,5,6,7.0
R062,Operations,male,>10 years,No,4,3.0,4,4,3,4,4,4,3.0
R063,Sales,female,<2 years,No,2,3.0,2,2,4,2,2,2,2.0
R064,Operations,male,<2 years,Yes,4,,5,5,6,3,4,5,5.0
R065,Finance,female,>10 years,Yes,7,6.0,4,5,6,6,6,7,6.0
R066,Operations,male,2-5 years,Yes,5,,3,1,2,1,5,3,5.0
R067,Operations,female,6-10 years,Yes,4,5.0,3,3,4,4,4,5,6.0
R068,HR,female,<2 years,Yes,5,5.0,5,6,5,3,5,6,5.0
R069,Operations,male,2-5 years,No,2,3.0,1,2,2,4,1,3,4.0
R070,IT,female,6-10 years,No,3,5.0,3,3,3,1,1,2,3.0
R071,Sales,female,<2 years,No,6,6.0,6,5,5,6,5,6,5.0
R072,Operations,female,2-5 years,No,4,5.0,7,4,4,3,2,5,3.0
R073,HR,male,2-5 years,No,2,4.0,4,4,3,4,4,4,5.0
R074,Finance,female,>10 years,No,4,3.0,5,3,4,3,5,5,4.0
R075,Sales,female,>10 years,Yes,5,6.0,4,4,4,4,5,4,5.0
R076,Finance,male,2-5 years,Yes,3,4.0,4,2,1,1,4,1,2.0
R077,IT,male,>10 years,No,3,4.0,5,5,5,6,5,7,4.0
R078,Operations,female,2-5 years,Yes,6,6.0,4,3,2,2,3,5,5.0
R079,Operations,male,2-5 years,No,4,5.0,4,5,4,6,5,5,7.0
R080,HR,male,>10 years,No,6,6.0,6,6,5,4,5,7,6.0
R081,Sales,female,<2 years,Yes,4,5.0,3,3,3,2,5,4,5.0
R082,Operations,female,2-5 years,No,5,6.0,5,6,3,5,5,3,4.0
R083,IT,female,<2 years,No,5,5.0,5,2,2,4,5,3,4.0
R084,Sales,male,<2 years,Yes,5,6.0,5,7,6,7,4,7,7.0
R085,Sales,female,6-10 years,No,4,4.0,3,4,5,4,4,6,5.0
R086,Sales,female,2-5 years,No,3,3.0,1,3,3,2,3,4,4.0
R087,IT,male,>10 years,No,4,3.0,5,1,3,3,2,1,2.0
R088,Operations,female,2-5 years,Yes,2,2.0,3,5,4,4,3,4,4.0
R089,HR,female,2-5 years,Yes,4,5.0,4,3,4,4,6,5,3.0
R090,IT,male,6-10 years,Yes,3,3.0,3,4,4,5,4,5,4.0
R091,Operations,male,>10 years,No,4,3.0,3,2,1,2,4,5,3.0
R092,Operations,male,6-10 years,Yes,4,4.0,5,4,4,6,5,4,4.0
R093,Finance,male,2-5 years,No,4,5.0,4,5,5,6,4,6,5.0
R094,Sales,female,<2 years,No,5,5.0,4,6,6,6,4,3,4.0
R095,Operations,male,6-10 years,Yes,4,5.0,4,5,6,4,3,3,3.0
R096,HR,male,6-10 years,No,4,3.0,5,6,5,4,6,5,5.0
R097,Sales,male,>10 years,Yes,4,5.0,4,4,5,6,5,4,6.0
R098,IT,female,2-5 years,Yes,3,2.0,2,4,4,6,5,1,4.0
R099,Sales,female,<2 years,Yes,3,2.0,3,3,3,3,3,4,3.0
R100,Operations,male,<2 years,No,4,3.0,6,5,4,3,4,2,3.0
R101,Operations,male,6-10 years,No,2,1.0,1,3,4,2,6,3,3.0
R102,Operations,female,6-10 years,No,3,3.0,4,5,3,7,4,3,3.0
R103,Sales,male,2-5 years,No,2,2.0,6,4,4,4,5,3,4.0
R104,Operations,female,2-5 years,Yes,4,4.0,5,5,5,4,4,4,2.0
R105,Operations,female,2-5 years,No,1,3.0,2,1,1,1,3,2,5.0
R106,HR,male,2-5 years,No,3,4.0,4,3,4,2,5,5,2.0
R107,Operations,male,2-5 years,Yes,4,4.0,5,7,6,5,3,4,3.0
R108,IT,male,<2 years,No,7,6.0,6,3,6,4,5,6,7.0
R109,IT,male,>10 years,No,5,6.0,4,4,6,5,5,4,3.0
R110,IT,female,6-10 years,No,5,6.0,6,7,7,7,7,4,7.0
R111,Finance,female,2-5 years,No,5,6.0,5,5,7,6,3,2,4.0
R112,IT,male,<2 years,No,3,4.0,3,6,5,4,3,5,6.0
R113,Sales,male,2-5 years,Yes,1,1.0,1,2,1,1,1,1,2.0
R114,Operations,female,>10 years,No,4,4.0,3,2,4,3,5,5,7.0
R115,Sales,female,2-5 years,No,4,4.0,6,5,5,5,5,4,5.0
R116,Sales,female,>10 years,Yes,5,5.0,5,3,3,1,3,4,3.0
R117,Finance,female,6-10 years,Yes,5,,7,5,7,7,5,5,7.0
R118,Sales,male,2-5 years,No,1,1.0,1,2,2,4,4,3,3.0
R119,IT,female,>10 years,Yes,5,3.0,4,5,6,5,4,7,3.0
R120,Operations,female,6-10 years,No,4,5.0,4,4,5,4,3,4,5.0
R121,Operations,male,2-5 years,Yes,1,2.0,3,1,2,3,3,2,3.0
R122,Sales,female,<2 years,No,4,4.0,3,4,3,3,2,5,4.0
R123,Operations,female,2-5 years,Yes,5,4.0,2,5,6,2,2,3,4.0
R124,Operations,male,2-5 years,No,7,5.0,6,5,4,2,4,2,
R125,HR,female,<2 years,No,6,5.0,6,6,5,6,7,7,6.0
R126,Finance,male,<2 years,No,5,5.0,4,4,4,3,5,6,4.0
R127,IT,female,2-5 years,No,3,1.0,3,4,4,6,2,1,2.0
R128,Sales,male,<2 years,Yes,5,6.0,6,4,4,4,3,3,3.0
R129,Operations,female,<2 years,Yes,4,2.0,2,5,5,3,2,3,1.0
R130,Sales,male,<2 years,No,4,3.0,4,4,4,2,3,1,2.0
R131,Sales,female,2-5 years,No,6,6.0,4,5,4,3,7,7,4.0
R132,Operations,male,2-5 years,Yes,3,3.0,4,3,3,2,2,3,2.0
R133,IT,female,6-10 years,No,2,3.0,3,2,3,2,3,3,6.0
R134,HR,male,<2 years,Yes,2,4.0,3,3,3,3,3,5,4.0
R135,IT,female,6-10 years,No,4,6.0,3,7,6,4,2,4,5.0
R136,Sales,male,6-10 years,No,3,4.0,3,4,3,4,3,4,1.0
R137,Operations,male,2-5 years,No,3,4.0,5,4,3,2,4,4,
R138,Operations,male,<2 years,No,4,3.0,4,4,6,6,7,6,6.0
R139,Finance,female,>10 years,No,1,1.0,2,2,2,3,4,4,4.0
R140,Sales,male,>10 years,Yes,4,4.0,4,4,4,5,3,5,4.0
R141,Operations,female,2-5 years,No,3,2.0,2,2,3,4,3,4,5.0
R142,HR,female,>10 years,No,3,2.0,2,3,5,4,3,5,5.0
R143,IT,female,>10 years,No,6,4.0,5,3,5,5,6,3,4.0
R144,Finance,male,>10 years,Yes,3,,4,3,5,6,4,5,2.0
R145,Operations,male,<2 years,No,3,4.0,2,4,3,2,3,5,4.0
R146,Sales,female,6-10 years,Yes,4,1.0,3,4,4,5,2,3,2.0
R147,Finance,female,2-5 years,Yes,6,5.0,5,5,6,4,5,4,4.0
R148,Sales,female,6-10 years,No,2,1.0,3,3,1,2,3,1,1.0
R149,Operations,female,6-10 years,No,4,3.0,2,4,3,6,5,4,7.0
R150,Finance,female,2-5 years,No,4,5.0,4,6,5,7,6,6,6.0
R151,Sales,female,<2 years,No,3,3.0,3,4,3,5,3,5,2.0
R152,IT,female,2-5 years,No,3,,2,1,3,2,5,3,4.0
R153,Operations,female,2-5 years,Yes,3,5.0,4,2,3,4,2,4,2.0
R154,IT,female,6-10 years,No,6,5.0,7,3,4,4,6,5,4.0
R155,HR,male,2-5 years,No,4,3.0,4,4,5,5,3,5,4.0
R156,Sales,male,<2 years,No,5,5.0,4,4,6,5,3,3,5.0
R157,HR,female,<2 years,Yes,7,6.0,6,6,6,6,7,6,7.0
R158,Sales,female,<2 years,No,5,6.0,7,5,6,6,7,7,7.0
R159,Operations,female,2-5 years,No,2,4.0,4,3,1,3,6,6,5.0
R160,Finance,female,2-5 years,No,6,4.0,3,5,3,5,6,4,4.0
R161,Sales,male,2-5 years,No,5,4.0,3,1,1,3,4,3,4.0
R162,HR,female,2-5 years,No,7,5.0,6,5,3,5,5,5,4.0
R163,Finance,female,2-5 years,No,6,5.0,4,2,4,2,3,4,4.0
R164,Operations,female,2-5 years,No,3,2.0,2,2,4,3,3,6,3.0
R165,Sales,male,2-5 years,No,3,2.0,3,2,3,5,4,4,3.0
R166,Operations,female,>10 years,No,2,2.0,2,2,3,2,1,2,3.0
R167,Operations,female,<2 years,No,3,3.0,5,2,2,4,3,5,4.0
R168,Operations,male,6-10 years,No,1,2.0,3,2,2,2,5,4,4.0
R169,Finance,male,>10 years,Yes,3,1.0,2,4,5,4,2,3,1.0
R170,IT,female,2-5 years,No,4,4.0,3,4,4,5,6,3,6.0
R171,Operations,female,6-10 years,No,4,2.0,2,3,4,5,2,1,1.0
R172,HR,female,2-5 years,No,5,3.0,4,6,6,5,4,1,4.0
R173,Finance,male,6-10 years,No,3,5.0,4,4,4,3,5,4,4.0
R174,Sales,male,2-5 years,Yes,6,4.0,6,4,4,4,2,4,4.0
R175,Operations,female,6-10 years,No,2,2.0,2,3,1,2,2,3,1.0
R176,Operations,male,6-10 years,Yes,3,3.0,4,5,4,4,3,3,5.0
R177,Sales,female,2-5 years,No,3,5.0,5,6,7,6,6,7,4.0
R178,IT,female,<2 years,No,6,,6,5,5,4,3,5,5.0
R179,IT,male,2-5 years,No,4,5.0,3,4,2,4,4,4,4.0
R180,Sales,female,2-5 years,Yes,6,7.0,6,6,7,7,2,4,2.0
R181,Operations,male,2-5 years,No,1,2.0,1,2,4,1,2,1,2.0
R182,Finance,male,>10 years,Yes,5,5.0,5,4,4,4,7,6,5.0
R183,Finance,male,2-5 years,No,6,7.0,4,5,5,7,7,6,5.0
R184,Finance,male,2-5 years,Yes,5,5.0,4,5,5,4,5,5,5.0
R185,IT,female,2-5 years,No,3,3.0,3,2,4,4,5,4,4.0
R186,IT,female,2-5 years,No,2,,4,2,2,3,4,2,4.0
R187,HR,female,6-10 years,No,6,5.0,4,4,3,5,4,5,6.0
R188,IT,male,<2 years,No,4,3.0,2,6,5,4,6,6,5.0
R189,Operations,female,<2 years,No,5,5.0,6,3,5,4,7,4,5.0
R190,Operations,male,<2 years,Yes,4,5.0,4,3,1,3,4,5,5.0
R191,IT,male,2-5 years,No,3,3.0,5,2,4,2,4,3,5.0
R192,Sales,male,2-5 years,Yes,4,3.0,2,3,3,1,5,6,6.0
R193,Operations,female,2-5 years,No,2,1.0,1,1,1,2,1,2,1.0
R194,Operations,female,>10 years,Yes,3,3.0,4,4,3,2,3,2,2.0
R195,HR,female,<2 years,No,3,3.0,3,6,5,3,3,4,2.0
R196,IT,female,2-5 years,No,4,5.0,4,2,3,3,2,3,3.0
R197,Operations,female,<2 years,No,7,5.0,6,5,5,7,7,4,5.0
R198,Sales,male,2-5 years,Yes,3,3.0,3,3,2,2,2,3,2.0
R199,Operations,female,<2 years,No,5,7.0,3,4,5,4,2,4,4.0
R200,Operations,female,2-5 years,Yes,3,3.0,1,1,1,2,3,4,4.0
R201,Sales,male,>10 years,Yes,3,5.0,5,5,5,6,3,2,3.0
R202,Operations,female,2-5 years,Yes,3,1.0,4,4,1,3,1,1,3.0
R203,Sales,female,2-5 years,No,2,2.0,4,2,1,1,1,3,3.0
R204,Sales,female,<2 years,Yes,2,3.0,3,4,4,6,2,4,4.0
R205,Sales,male,2-5 years,No,5,,4,4,3,5,3,4,6.0
R206,Sales,male,<2 years,Yes,3,3.0,2,2,2,3,3,2,1.0
R207,HR,female,2-5 years,No,5,5.0,3,4,5,5,4,2,4.0
R208,Sales,female,2-5 years,Yes,4,7.0,6,4,7,6,6,4,5.0
R209,Finance,male,6-10 years,Yes,7,5.0,5,4,5,3,3,5,3.0
R210,Finance,male,6-10 years,No,6,7.0,6,3,5,5,6,5,
R211,Operations,male,<2 years,No,4,5.0,4,5,5,6,4,3,
R212,Finance,male,2-5 years,No,4,4.0,5,4,4,6,4,2,2.0
R213,Sales,female,2-5 years,No,5,4.0,5,6,5,5,5,4,5.0
R214,Finance,male,<2 years,No,4,7.0,6,7,7,7,6,4,7.0
R215,IT,female,<2 years,No,6,4.0,6,6,6,6,2,5,5.0
R216,Sales,female,<2 years,No,2,2.0,2,2,2,3,5,4,2.0
R217,HR,female,2-5 years,Yes,3,2.0,3,5,3,4,4,4,4.0
R218,IT,male,6-10 years,No,5,3.0,6,6,5,6,7,4,4.0
R219,Sales,male,>10 years,No,4,5.0,4,4,5,5,7,4,5.0
R220,Operations,male,2-5 years,No,3,3.0,4,5,4,3,5,4,5.0
R221,Operations,male,<2 years,Yes,3,2.0,4,3,3,2,5,4,4.0
R222,Sales,male,2-5 years,No,2,1.0,2,2,1,3,2,1,2.0
R223,Sales,female,2-5 years,No,7,5.0,6,1,2,3,5,6,6.0
R224,IT,female,<2 years,Yes,3,3.0,6,5,6,5,3,4,5.0
R225,IT,female,<2 years,No,2,2.0,2,3,3,2,2,2,3.0
R226,IT,male,<2 years,No,3,6.0,4,5,6,4,7,5,6.0
R227,Operations,female,6-10 years,Yes,3,3.0,2,2,2,2,2,4,3.0
R228,IT,male,<2 years,Yes,5,6.0,3,2,2,3,5,5,5.0
R229,Operations,male,<2 years,No,7,4.0,6,5,5,4,5,3,5.0
R230,Sales,female,2-5 years,Yes,4,3.0,4,6,5,2,3,4,5.0
R231,Operations,female,2-5 years,Yes,3,4.0,1,4,5,4,5,4,3.0
R232,Finance,female,<2 years,No,7,6.0,7,5,6,5,5,6,4.0
R233,Operations,male,<2 years,Yes,6,5.0,6,4,5,4,3,5,5.0
R234,Operations,male,>10 years,No,6,5.0,4,5,6,4,3,3,3.0
R235,Finance,male,6-10 years,Yes,7,4.0,6,7,3,6,6,6,6.0
R236,IT,male,2-5 years,No,3,3.0,4,3,2,3,3,6,3.0
R237,Operations,male,>10 years,Yes,3,5.0,4,3,3,3,4,4,5.0
R238,HR,male,6-10 years,No,4,3.0,4,2,5,4,3,5,5.0
R239,HR,female,<2 years,Yes,5,2.0,5,6,6,6,7,4,3.0
R240,Sales,male,2-5 years,No,7,7.0,6,7,5,7,5,7,5.0
R241,Operations,male,6-10 years,No,1,3.0,3,1,1,2,2,1,1.0
R242,Sales,male,6-10 years,No,6,5.0,6,6,4,5,7,5,7.0
R243,Operations,male,6-10 years,No,2,2.0,4,3,5,3,3,2,4.0
R244,Sales,male,2-5 years,No,3,2.0,3,3,2,2,2,2,3.0
R245,Finance,female,>10 years,Yes,4,4.0,3,3,3,3,4,4,
R246,IT,male,2-5 years,Yes,2,4.0,3,4,2,3,3,3,
R247,IT,female,<2 years,No,6,5.0,5,6,6,6,7,6,5.0
R248,IT,female,<2 years,No,5,6.0,7,6,6,6,3,6,4.0
R249,Finance,female,>10 years,No,3,4.0,5,4,2,3,3,4,1.0
R250,Operations,female,2-5 years,No,4,,4,3,4,1,7,6,7.0
R251,Operations,female,2-5 years,No,2,3.0,4,4,3,3,2,2,3.0
R252,Sales,male,6-10 years,No,4,5.0,5,5,6,4,2,6,3.0
R253,HR,male,2-5 years,No,5,5.0,4,5,5,3,7,3,4.0
R254,Sales,female,2-5 years,No,6,5.0,3,4,5,4,4,2,5.0
R255,Operations,male,>10 years,No,4,5.0,5,4,5,5,5,5,7.0
R256,Operations,female,2-5 years,Yes,4,4.0,6,5,1,3,5,6,4.0
R257,Sales,female,6-10 years,No,1,1.0,1,2,1,2,2,2,4.0
R258,Finance,male,6-10 years,No,6,7.0,5,5,4,4,7,7,7.0
R259,Operations,female,2-5 years,No,1,,4,3,3,3,3,4,5.0
R260,IT,male,6-10 years,Yes,5,5.0,3,4,4,4,1,4,4.0
R261,Operations,male,<2 years,No,4,5.0,6,4,4,4,3,4,3.0
R262,Finance,male,6-10 years,No,3,2.0,1,1,1,2,5,2,2.0
R263,Operations,male,6-10 years,Yes,4,6.0,2,3,2,4,6,5,5.0
R264,Finance,male,>10 years,No,2,3.0,4,3,5,6,4,3,4.0
R265,Operations,male,<2 years,No,5,,3,4,2,5,7,6,6.0
R266,Operations,male,6-10 years,Yes,1,4.0,6,5,6,3,6,6,5.0
R267,Operations,male,2-5 years,Yes,4,4.0,6,4,4,3,2,3,3.0
R268,Sales,female,<2 years,No,5,6.0,6,5,5,6,6,5,6.0
R269,Operations,male,2-5 years,No,5,5.0,3,5,3,5,4,2,2.0
R270,HR,female,2-5 years,No,4,5.0,6,6,7,5,4,3,6.0
R271,Operations,female,>10 years,Yes,4,3.0,2,5,3,4,2,4,4.0
R272,Finance,female,<2 years,No,6,5.0,5,5,5,5,3,1,4.0
R273,IT,male,2-5 years,No,6,4.0,7,5,6,5,5,7,4.0
R274,Operations,male,<2 years,Yes,5,,3,4,4,5,3,4,5.0
R275,Sales,male,2-5 years,No,2,4.0,2,5,5,6,4,2,4.0
R276,Sales,male,<2 years,No,1,2.0,3,4,3,3,3,2,
R277,Finance,female,2-5 years,No,3,4.0,3,5,5,2,4,3,5.0
R278,IT,male,6-10 years,Yes,4,5.0,6,7,7,4,5,6,6.0
R279,Operations,female,2-5 years,Yes,5,1.0,3,4,4,3,5,4,4.0
R280,Operations,male,2-5 years,No,4,5.0,4,2,2,2,2,2,2.0
R281,Operations,female,<2 years,No,4,6.0,4,5,5,5,4,2,2.0
R282,Sales,male,6-10 years,No,2,3.0,1,2,2,1,1,1,1.0
R283,Finance,male,2-5 years,No,3,4.0,4,5,3,4,6,4,4.0
R284,Operations,male,<2 years,Yes,4,1.0,1,5,4,3,1,4,3.0
R285,IT,female,6-10 years,Yes,2,3.0,3,4,4,4,2,3,2.0
R286,Sales,male,2-5 years,Yes,7,6.0,7,5,5,6,5,7,7.0
R287,Sales,male,<2 years,No,4,4.0,2,5,4,3,4,4,5.0
R288,Operations,female,2-5 years,No,1,3.0,2,4,4,4,2,4,3.0
R289,HR,female,2-5 years,No,5,4.0,4,6,5,6,6,7,5.0
R290,Sales,male,<2 years,No,4,5.0,7,6,5,5,1,2,4.0
R291,Sales,female,6-10 years,No,2,3.0,4,5,5,3,2,1,1.0
R292,Operations,female,<2 years,Yes,2,1.0,2,2,2,2,2,2,4.0
R293,HR,male,2-5 years,Yes,3,1.0,2,4,4,5,3,4,2.0
R294,IT,male,6-10 years,No,3,4.0,5,5,3,2,7,7,5.0
R295,IT,female,<2 years,Yes,6,7.0,7,7,7,7,6,7,7.0
R296,Finance,male,6-10 years,Yes,4,4.0,4,3,4,3,5,5,5.0
R297,Operations,male,>10 years,No,2,2.0,2,6,5,7,2,4,2.0
R298,HR,female,>10 years,Yes,4,3.0,2,4,3,3,2,3,2.0
R299,Operations,male,<2 years,No,3,3.0,3,5,3,4,3,2,4.0
R300,Operations,female,2-5 years,Yes,3,1.0,4,4,5,3,6,6,6.0
R301,Sales,female,2-5 years,No,3,5.0,2,1,3,4,1,4,3.0
R302,Operations,female,2-5 years,No,1,1.0,4,2,2,1,4,2,
R303,Operations,male,>10 years,No,6,4.0,4,4,6,5,4,3,2.0
R304,HR,female,>10 years,No,5,5.0,6,5,4,5,7,5,7.0
R305,Sales,female,6-10 years,Yes,5,5.0,5,4,5,6,4,5,4.0
R306,Sales,male,2-5 years,Yes,5,3.0,4,5,7,3,4,2,4.0
R307,Sales,male,2-5 years,No,6,5.0,5,5,5,5,3,3,2.0
R308,Sales,male,6-10 years,Yes,4,6.0,3,4,4,3,4,4,5.0
R309,Operations,female,<2 years,Yes,5,1.0,2,4,6,5,3,2,4.0
R310,Operations,female,>10 years,No,4,2.0,4,4,6,4,3,3,5.0
R311,Sales,male,6-10 years,Yes,4,3.0,2,2,4,3,4,4,4.0
R312,IT,female,2-5 years,No,4,5.0,5,6,5,3,3,4,5.0
R313,Operations,male,2-5 years,No,4,1.0,2,3,3,2,4,5,
R314,HR,female,6-10 years,No,4,3.0,2,3,3,2,3,2,3.0
R315,Sales,male,6-10 years,Yes,5,6.0,4,5,3,5,3,4,3.0
R316,HR,male,6-10 years,Yes,6,5.0,3,5,4,4,4,2,3.0
R317,Operations,male,2-5 years,No,5,4.0,3,4,4,3,4,3,6.0
R318,IT,male,<2 years,No,6,6.0,6,4,6,5,5,7,5.0
R319,Sales,female,2-5 years,No,2,3.0,3,2,5,3,2,3,3.0
R320,Operations,male,2-5 years,Yes,3,5.0,3,5,4,2,5,3,4.0
R321,Operations,female,6-10 years,Yes,4,4.0,5,3,4,3,7,6,6.0
R322,HR,female,6-10 years,No,3,2.0,2,3,2,1,3,3,2.0
R323,Operations,male,6-10 years,No,3,5.0,4,4,5,4,5,3,5.0
R324,Sales,female,2-5 years,Yes,3,1.0,4,4,3,4,3,2,
R325,Finance,male,2-5 years,No,1,2.0,3,3,2,3,3,4,4.0
R326,Operations,male,6-10 years,No,4,3.0,2,3,2,2,4,3,5.0
R327,Finance,male,2-5 years,No,5,4.0,4,1,1,3,2,3,1.0
R328,Sales,male,2-5 years,No,5,4.0,3,3,2,4,5,3,4.0
R329,Sales,male,<2 years,No,3,4.0,3,5,5,4,1,2,2.0
R330,Sales,female,<2 years,No,3,4.0,2,2,2,2,2,3,2.0
R331,Sales,male,6-10 years,No,4,4.0,5,4,3,2,2,1,2.0
R332,Sales,female,<2 years,No,5,5.0,5,5,4,2,4,3,4.0
R333,Finance,female,2-5 years,No,7,7.0,5,5,6,3,5,5,4.0
R334,Sales,male,6-10 years,No,6,7.0,4,4,4,3,5,5,3.0
R335,Finance,male,2-5 years,No,6,5.0,6,5,4,4,4,4,5.0
R336,Sales,female,>10 years,No,2,3.0,3,6,6,5,5,4,3.0
R337,Sales,female,2-5 years,No,3,3.0,2,4,4,3,3,3,1.0
R338,Sales,male,2-5 years,No,2,4.0,3,2,3,5,4,3,
R339,Finance,female,2-5 years,Yes,5,6.0,3,5,4,3,5,7,5.0
R340,IT,male,6-10 years,Yes,4,4.0,3,2,1,2,3,3,4.0
R341,Sales,male,>10 years,Yes,4,3.0,3,1,2,1,5,5,6.0
R342,IT,male,<2 years,Yes,3,4.0,2,4,4,5,4,4,7.0
R343,Sales,female,2-5 years,Yes,3,3.0,4,5,5,4,6,1,2.0
R344,Operations,female,>10 years,No,3,3.0,4,3,1,1,5,5,3.0
R345,Sales,male,<2 years,No,3,4.0,4,5,4,5,4,4,5.0
R346,Sales,female,2-5 years,No,4,4.0,5,3,2,4,4,3,3.0
R347,Sales,male,<2 years,No,5,5.0,5,6,5,4,6,4,5.0
R348,Operations,male,6-10 years,No,3,3.0,4,1,2,2,1,3,2.0
R349,IT,male,>10 years,No,1,1.0,2,1,1,1,1,1,1.0
R350,Operations,female,<2 years,No,5,3.0,6,4,6,6,4,5,6.0
R351,IT,male,6-10 years,No,4,4.0,5,4,5,3,2,4,2.0
R352,IT,male,<2 years,No,6,6.0,5,6,7,7,5,6,5.0
R353,Operations,female,<2 years,No,2,4.0,4,5,4,3,3,5,5.0
R354,IT,male,<2 years,No,4,6.0,5,4,4,4,2,2,3.0
R355,Sales,female,<2 years,No,2,3.0,1,3,3,3,5,5,4.0
R356,Operations,female,2-5 years,Yes,3,3.0,3,3,4,3,3,5,5.0
R357,Sales,male,2-5 years,Yes,1,2.0,2,2,2,2,1,2,4.0
R358,HR,male,6-10 years,Yes,3,3.0,3,4,4,6,2,5,4.0
R359,IT,male,2-5 years,Yes,2,2.0,1,3,2,2,3,3,1.0
R360,Sales,male,>10 years,Yes,5,5.0,4,4,6,5,5,6,6.0
R361,IT,male,>10 years,Yes,3,5.0,3,4,3,4,1,3,3.0
R362,IT,female,6-10 years,No,4,5.0,3,4,6,5,2,3,2.0
R363,Finance,male,2-5 years,Yes,5,4.0,4,4,5,3,4,5,3.0
R364,HR,male,<2 years,Yes,7,7.0,7,7,7,7,7,7,7.0
R365,Operations,male,2-5 years,Yes,2,3.0,5,5,3,5,4,3,3.0
R366,IT,female,<2 years,No,4,5.0,3,4,4,3,2,3,2.0
R367,Sales,female,6-10 years,No,4,6.0,5,5,4,5,4,6,4.0
R368,HR,male,>10 years,Yes,6,6.0,7,4,5,5,4,5,6.0
R369,HR,female,>10 years,No,6,5.0,5,5,3,3,4,5,4.0
R370,Sales,male,2-5 years,No,6,5.0,6,5,5,4,5,5,5.0
R371,Operations,male,>10 years,Yes,4,5.0,1,1,1,2,1,4,4.0
R372,Sales,male,<2 years,No,4,3.0,3,3,5,6,5,6,6.0
R373,HR,male,>10 years,No,4,4.0,5,6,6,5,7,4,4.0
R374,Sales,male,2-5 years,No,4,2.0,3,3,3,3,3,2,3.0
R375,Operations,female,>10 years,No,2,2.0,2,4,5,1,1,2,3.0
R376,Operations,male,<2 years,No,2,4.0,1,2,3,1,4,1,1.0
R377,Operations,female,2-5 years,No,3,3.0,2,5,1,2,1,5,2.0
R378,IT,female,6-10 years,Yes,3,4.0,1,3,2,2,1,2,1.0
R379,HR,female,6-10 years,No,2,4.0,6,2,4,5,2,4,2.0
R380,Operations,female,2-5 years,No,2,4.0,4,4,2,3,4,3,3.0
R381,HR,male,2-5 years,No,5,6.0,6,4,4,4,3,4,5.0
R382,Finance,male,>10 years,Yes,1,1.0,4,3,4,4,1,1,2.0
R383,HR,male,<2 years,No,2,4.0,3,4,4,2,2,3,2.0
R384,HR,male,6-10 years,No,7,6.0,6,3,5,5,4,5,5.0
R385,IT,male,6-10 years,No,2,3.0,1,3,3,5,4,5,5.0
R386,Operations,male,<2 years,Yes,5,3.0,4,5,4,5,3,6,3.0
R387,IT,female,<2 years,No,6,6.0,5,6,7,5,4,5,5.0
R388,IT,female,6-10 years,No,2,1.0,3,2,1,2,3,4,2.0
R389,HR,female,<2 years,Yes,5,4.0,6,5,6,7,3,4,3.0
R390,Operations,female,<2 years,Yes,2,3.0,3,4,3,3,6,3,5.0
R391,Operations,male,6-10 years,No,5,6.0,4,4,4,4,6,6,5.0
R392,Operations,female,>10 years,No,7,6.0,5,6,5,7,7,4,4.0
R393,IT,female,<2 years,No,5,4.0,3,3,4,3,5,3,4.0
R394,Operations,female,2-5 years,Yes,4,5.0,2,3,2,3,3,5,1.0
R395,HR,female,2-5 years,Yes,5,6.0,4,2,3,1,6,5,5.0
R396,HR,male,<2 years,No,4,2.0,3,4,6,4,4,6,5.0
R397,Operations,female,2-5 years,Yes,5,6.0,7,5,7,6,6,5,6.0
R398,Sales,male,<2 years,No,5,4.0,3,5,4,4,4,3,2.0
R399,Operations,male,6-10 years,No,3,2.0,2,2,3,4,4,4,3.0
R400,Finance,male,6-10 years,Yes,6,5.0,6,4,4,5,7,6,4.0
R401,Operations,male,<2 years,No,4,4.0,4,4,5,5,4,5,3.0
R402,Sales,male,<2 years,Yes,6,6.0,7,5,6,5,2,6,4.0
R403,Operations,male,<2 years,Yes,5,4.0,5,4,4,3,4,5,2.0
R404,Sales,female,6-10 years,No,3,3.0,4,3,3,1,3,3,3.0
R405,Finance,male,<2 years,Yes,6,4.0,5,4,5,4,5,5,5.0
R406,Operations,male,>10 years,Yes,5,5.0,4,3,3,1,3,1,2.0
R407,IT,male,<2 years,No,3,3.0,1,5,3,4,5,4,6.0
R408,Operations,male,2-5 years,No,5,4.0,3,2,3,4,3,4,2.0
R409,Sales,male,<2 years,No,4,5.0,4,4,5,4,1,2,3.0
R410,IT,male,2-5 years,No,4,5.0,1,2,4,2,3,3,4.0
R411,IT,male,<2 years,Yes,3,3.0,3,4,3,4,3,3,2.0
R412,Sales,female,2-5 years,No,5,5.0,6,7,7,5,5,5,4.0
R413,Operations,female,>10 years,No,3,2.0,3,3,3,3,3,4,2.0
R414,Operations,male,>10 years,Yes,6,4.0,4,6,6,5,4,3,4.0
R415,Operations,female,2-5 years,No,6,6.0,5,5,7,6,4,4,5.0
R416,Sales,male,6-10 years,No,4,5.0,5,5,3,3,3,3,3.0
R417,IT,male,2-5 years,Yes,4,3.0,3,3,5,4,3,1,2.0
R418,HR,male,6-10 years,No,4,5.0,5,7,5,6,6,7,5.0
R419,Operations,female,<2 years,No,1,2.0,1,4,5,4,3,4,4.0
R420,Operations,female,2-5 years,Yes,3,3.0,5,3,4,6,4,3,5.0
R421,Sales,male,<2 years,No,5,5.0,5,3,3,2,3,4,3.0
R422,Operations,female,2-5 years,No,3,3.0,2,5,4,4,3,3,2.0
R423,Operations,male,<2 years,Yes,6,5.0,3,6,7,6,4,5,7.0
R424,Sales,female,2-5 years,No,4,4.0,4,5,4,1,4,5,3.0
R425,Operations,male,<2 years,Yes,5,6.0,5,5,4,5,5,3,5.0
R426,HR,female,<2 years,No,6,6.0,6,4,7,6,4,4,7.0
R427,IT,male,>10 years,Yes,6,5.0,6,5,5,5,4,4,5.0
R428,IT,female,>10 years,No,6,4.0,4,6,6,5,4,4,5.0
R429,Operations,female,<2 years,No,1,2.0,2,1,3,6,3,3,4.0
R430,Sales,female,6-10 years,Yes,2,,3,3,3,4,2,2,4.0
R431,IT,male,>10 years,No,4,7.0,4,6,3,2,4,5,4.0
R432,Finance,male,<2 years,Yes,1,1.0,1,3,4,4,2,2,2.0
R433,Finance,female,>10 years,Yes,4,7.0,7,3,2,3,3,4,3.0
R434,Operations,male,<2 years,No,1,1.0,4,4,4,2,6,3,1.0
R435,Sales,female,<2 years,No,5,7.0,7,4,5,3,3,3,3.0
R436,Sales,male,2-5 years,Yes,3,5.0,5,4,4,3,3,4,5.0
R437,HR,female,<2 years,No,4,4.0,6,4,4,5,3,4,3.0
R438,Sales,male,6-10 years,Yes,4,3.0,4,4,2,5,2,3,2.0
R439,HR,male,2-5 years,Yes,6,6.0,7,5,4,4,6,4,6.0
R440,Operations,male,<2 years,No,3,2.0,4,1,2,2,2,3,3.0
R441,IT,male,>10 years,No,5,5.0,6,4,2,3,5,5,3.0
R442,HR,male,6-10 years,Yes,6,7.0,6,5,6,5,4,5,6.0
R443,IT,female,<2 years,No,6,3.0,2,6,4,6,3,3,3.0
R444,HR,female,<2 years,Yes,6,6.0,7,7,7,7,6,7,7.0
R445,Finance,male,2-5 years,Yes,3,5.0,4,6,4,5,5,2,5.0
R446,Operations,female,2-5 years,No,3,4.0,2,5,5,3,4,5,6.0
R447,Operations,female,>10 years,No,2,3.0,2,2,1,2,4,2,2.0
R448,Sales,male,2-5 years,No,5,5.0,5,6,4,3,4,6,5.0
R449,Finance,female,<2 years,Yes,5,7.0,7,6,7,6,1,3,1.0
R450,Sales,male,<2 years,Yes,3,2.0,3,3,4,6,6,4,4.0
R451,Operations,female,6-10 years,No,2,2.0,3,1,2,1,4,2,3.0
R452,Finance,female,2-5 years,No,2,2.0,2,2,2,3,4,4,5.0
R453,IT,female,<2 years,Yes,4,5.0,5,5,7,5,6,5,7.0
R454,IT,female,2-5 years,No,6,5.0,4,4,6,6,3,3,3.0
R455,Operations,male,2-5 years,No,5,4.0,6,5,6,6,5,3,3.0
R456,Sales,male,2-5 years,No,6,6.0,5,6,5,5,3,3,5.0
R457,Operations,male,>10 years,No,2,2.0,3,1,2,1,5,1,1.0
R458,Operations,male,2-5 years,No,1,3.0,3,3,3,3,6,5,3.0
R459,HR,male,6-10 years,No,5,5.0,5,5,6,4,6,7,5.0
R460,IT,female,<2 years,No,5,5.0,5,4,4,4,5,4,3.0
R461,Sales,male,6-10 years,Yes,5,5.0,4,3,2,2,4,6,3.0
R462,Sales,female,<2 years,No,4,5.0,5,4,4,3,2,3,5.0
R463,Operations,female,<2 years,Yes,3,3.0,4,4,4,4,3,1,1.0
R464,Operations,male,<2 years,Yes,4,3.0,5,2,4,2,2,3,3.0
R465,Operations,male,<2 years,No,1,1.0,1,3,4,2,3,3,2.0
R466,HR,female,2-5 years,Yes,4,3.0,3,5,6,6,5,6,7.0
R467,Sales,male,2-5 years,Yes,4,5.0,7,4,5,7,4,5,4.0
R468,Sales,male,>10 years,Yes,6,5.0,6,6,4,5,5,5,1.0
R469,HR,male,6-10 years,No,6,3.0,5,2,5,3,3,2,1.0
R470,Sales,female,2-5 years,No,6,5.0,5,6,6,4,5,5,5.0
R471,Finance,male,>10 years,Yes,5,6.0,6,6,6,6,6,5,7.0
R472,Sales,male,2-5 years,Yes,5,4.0,5,5,3,5,3,3,3.0
R473,HR,male,6-10 years,Yes,6,1.0,5,5,6,6,5,5,6.0
R474,Operations,male,>10 years,No,6,4.0,5,4,4,4,4,2,2.0
R475,Operations,male,>10 years,Yes,4,3.0,5,3,4,2,5,6,6.0
R476,Operations,male,<2 years,No,1,1.0,1,1,2,2,1,1,1.0
R477,Finance,female,2-5 years,No,4,2.0,4,4,4,6,3,4,3.0
R478,Sales,male,2-5 years,No,5,4.0,7,3,5,4,4,6,4.0
R479,HR,female,2-5 years,No,7,4.0,7,5,6,5,6,7,3.0
R480,Sales,male,>10 years,No,5,4.0,1,6,6,5,3,4,
R481,HR,male,2-5 years,No,1,3.0,1,4,5,4,2,3,5.0
R482,HR,male,<2 years,Yes,6,6.0,4,4,7,5,6,6,7.0
R483,Finance,male,2-5 years,Yes,2,2.0,1,3,3,3,1,3,1.0
R484,Sales,female,<2 years,No,2,2.0,3,3,2,2,3,3,5.0
R485,Operations,female,2-5 years,No,3,4.0,5,2,5,5,3,5,5.0
R486,Sales,female,2-5 years,Yes,1,2.0,2,3,2,2,2,2,2.0
R487,IT,female,<2 years,Yes,1,2.0,3,5,5,4,3,2,
R488,IT,female,2-5 years,No,2,3.0,1,4,2,6,6,3,
R489,HR,male,2-5 years,No,5,5.0,6,4,6,7,3,4,3.0
R490,IT,male,<2 years,No,2,4.0,2,4,4,4,3,2,4.0
R491,Sales,male,2-5 years,Yes,1,2.0,1,2,2,4,1,2,1.0
R492,IT,male,6-10 years,Yes,5,,5,6,7,7,3,4,4.0
R493,Operations,male,<2 years,No,5,5.0,4,4,4,4,5,6,6.0
R494,HR,female,>10 years,No,5,5.0,5,5,5,6,7,7,4.0
R495,Sales,female,<2 years,No,4,4.0,3,4,4,2,3,2,3.0
R496,IT,male,2-5 years,No,5,4.0,4,4,4,5,3,5,5.0
R497,IT,male,2-5 years,No,4,5.0,4,3,5,4,5,3,4.0
R498,Operations,female,2-5 years,No,3,6.0,5,4,4,6,3,2,3.0
R499,Operations,male,2-5 years,No,4,4.0,4,5,5,5,5,5,6.0
R500,Sales,male,6-10 years,Yes,4,5.0,2,4,2,4,4,5,3.0
R501,Finance,female,2-5 years,No,6,3.0,6,7,7,4,5,2,5.0
R502,IT,female,2-5 years,Yes,2,4.0,2,6,4,5,2,4,2.0
R503,HR,female,6-10 years,No,4,4.0,5,3,3,2,4,6,5.0
R504,Sales,female,6-10 years,Yes,5,4.0,3,3,2,5,4,3,4.0
R505,HR,female,<2 years,Yes,4,3.0,4,5,5,6,3,4,4.0
R506,Sales,female,2-5 years,No,7,6.0,6,5,3,3,4,5,5.0
R507,HR,male,2-5 years,Yes,5,5.0,6,6,7,6,7,6,5.0
R508,Operations,male,6-10 years,No,2,3.0,2,1,1,1,4,6,5.0
R509,IT,male,<2 years,Yes,2,3.0,3,3,4,3,2,4,6.0
R510,Sales,female,2-5 years,No,2,2.0,4,3,3,1,4,4,1.0
R511,Sales,male,>10 years,Yes,6,4.0,4,3,5,3,3,4,3.0
R512,Finance,male,2-5 years,No,7,7.0,7,6,5,7,6,5,6.0
R513,Operations,female,>10 years,No,1,1.0,2,3,3,4,2,1,2.0
R514,Operations,male,6-10 years,No,4,3.0,2,5,4,4,4,4,3.0
R515,HR,female,<2 years,Yes,5,5.0,6,4,5,4,2,2,2.0
R516,IT,male,2-5 years,Yes,4,2.0,2,3,4,5,1,2,4.0
R517,IT,male,<2 years,Yes,7,5.0,6,4,4,5,4,5,4.0
R518,HR,male,2-5 years,Yes,5,5.0,5,4,6,5,6,3,4.0
R519,Sales,female,6-10 years,No,3,4.0,1,5,4,5,3,1,3.0
R520,Sales,male,2-5 years,No,3,4.0,4,2,2,2,3,2,4.0
R521,Finance,male,6-10 years,No,4,3.0,4,4,6,5,3,4,4.0
R522,Finance,male,>10 years,No,5,5.0,5,4,4,4,4,3,3.0
R523,Sales,female,2-5 years,No,6,,4,6,6,6,3,4,4.0
R524,Operations,female,<2 years,No,4,3.0,3,5,2,4,4,6,6.0
R525,Finance,female,2-5 years,No,4,3.0,2,2,2,2,3,4,5.0
R526,Finance,male,2-5 years,No,7,6.0,6,7,5,6,4,4,5.0
R527,Sales,male,2-5 years,No,4,3.0,3,6,6,7,7,6,6.0
R528,Finance,male,6-10 years,No,2,3.0,3,5,4,6,6,5,
R529,Finance,female,2-5 years,No,3,4.0,3,3,4,3,2,1,2.0
R530,Sales,female,6-10 years,No,7,,7,6,6,3,5,6,5.0
R531,Operations,female,6-10 years,Yes,4,4.0,3,6,4,3,5,5,5.0
R532,IT,male,6-10 years,No,4,5.0,7,4,4,4,5,3,3.0
R533,IT,female,>10 years,Yes,6,6.0,7,5,6,6,6,4,6.0
R534,Sales,female,>10 years,No,2,1.0,2,2,4,1,1,1,2.0
R535,Sales,male,2-5 years,No,6,7.0,6,5,6,4,7,6,7.0
R536,IT,female,<2 years,No,3,4.0,4,5,5,4,5,5,4.0
R537,Operations,male,6-10 years,Yes,5,6.0,5,5,4,2,6,6,5.0
R538,Operations,female,>10 years,No,3,3.0,2,2,1,1,4,3,4.0
R539,HR,male,6-10 years,Yes,4,7.0,4,4,4,5,4,6,5.0
R540,Operations,female,<2 years,Yes,6,4.0,5,3,3,4,2,4,4.0
R541,IT,male,2-5 years,Yes,4,5.0,5,3,4,3,5,3,5.0
R542,Sales,male,<2 years,No,4,6.0,4,6,6,6,4,5,4.0
R543,Operations,male,2-5 years,No,6,4.0,6,4,4,5,2,5,5.0
R544,Operations,male,2-5 years,No,5,5.0,4,4,4,6,3,3,3.0
R545,Finance,male,<2 years,Yes,6,6.0,6,7,6,5,5,5,4.0
R546,Sales,female,6-10 years,Yes,4,5.0,4,2,2,2,6,5,4.0
R547,Operations,male,2-5 years,No,6,5.0,6,5,4,4,6,5,6.0
R548,Sales,female,6-10 years,Yes,3,4.0,3,1,1,2,2,3,2.0
R549,IT,male,2-5 years,Yes,5,4.0,5,5,4,5,4,4,4.0
R550,IT,male,<2 years,No,5,6.0,5,7,7,5,5,3,5.0
R551,IT,male,6-10 years,No,3,4.0,4,4,4,3,4,6,
R552,Finance,male,6-10 years,No,5,5.0,5,4,4,1,4,4,5.0
R553,IT,male,6-10 years,Yes,6,5.0,5,4,2,5,4,5,3.0
R554,Operations,female,<2 years,Yes,3,4.0,4,3,4,1,2,3,1.0
R555,Sales,female,<2 years,No,3,3.0,4,6,5,7,5,3,5.0
R556,Operations,male,6-10 years,No,3,3.0,2,1,1,3,2,4,4.0
R557,Sales,female,2-5 years,No,1,2.0,5,1,2,3,3,1,1.0
R558,Sales,male,<2 years,No,4,5.0,3,4,6,3,1,6,4.0
R559,Operations,female,6-10 years,Yes,3,5.0,3,3,3,3,7,3,3.0
R560,IT,male,6-10 years,No,4,4.0,5,5,5,4,6,4,6.0
R561,Sales,female,>10 years,No,2,4.0,4,4,4,3,3,5,5.0
R562,Operations,male,6-10 years,No,2,2.0,3,2,2,1,1,1,3.0
R563,HR,male,6-10 years,No,3,3.0,4,5,5,3,3,2,3.0
R564,IT,male,<2 years,Yes,3,2.0,3,4,3,5,3,2,4.0
R565,Finance,female,6-10 years,Yes,5,6.0,4,6,6,5,4,4,5.0
R566,Finance,female,2-5 years,No,4,5.0,4,3,4,5,6,5,6.0
R567,Sales,male,<2 years,Yes,2,3.0,5,2,2,3,4,4,
R568,Operations,male,2-5 years,Yes,3,2.0,3,3,1,3,1,1,1.0
R569,Finance,male,<2 years,No,2,2.0,2,4,6,4,4,2,2.0
R570,IT,male,<2 years,No,5,5.0,5,3,2,4,6,5,
R571,Operations,female,6-10 years,Yes,2,3.0,2,3,2,4,3,2,1.0
R572,HR,female,<2 years,No,4,4.0,4,5,7,5,5,5,7.0
R573,Operations,male,2-5 years,No,1,1.0,2,1,1,2,2,1,2.0
R574,Sales,male,2-5 years,Yes,5,6.0,5,4,3,5,4,2,3.0
R575,Sales,male,6-10 years,No,4,,7,5,5,5,4,4,5.0
R576,Sales,female,6-10 years,No,2,2.0,3,4,3,2,3,2,2.0
R577,IT,female,>10 years,Yes,7,5.0,4,6,6,5,6,6,6.0
R578,Finance,male,2-5 years,Yes,3,2.0,4,2,2,1,1,1,3.0
R579,Sales,female,<2 years,Yes,5,4.0,5,5,4,4,3,5,4.0
R580,Operations,male,>10 years,No,4,3.0,4,2,4,3,5,3,2.0
R581,Operations,female,2-5 years,No,4,4.0,4,2,2,2,3,3,4.0
R582,Finance,male,>10 years,No,4,4.0,3,2,3,3,5,4,5.0
R583,Sales,female,>10 years,No,3,2.0,4,2,3,4,2,1,3.0
R584,Finance,male,<2 years,No,5,3.0,3,5,3,5,5,4,5.0
R585,IT,female,2-5 years,Yes,5,3.0,4,5,5,5,5,6,3.0
R586,Operations,female,2-5 years,Yes,3,4.0,3,3,3,5,2,4,4.0
R587,HR,male,6-10 years,No,3,4.0,5,2,1,3,4,3,3.0
R588,Operations,male,2-5 years,No,4,3.0,4,1,3,4,4,5,3.0
R589,Operations,male,2-5 years,Yes,5,4.0,3,5,7,5,6,4,5.0
R590,Finance,male,<2 years,No,4,4.0,4,2,2,1,2,2,3.0
R591,Operations,female,2-5 years,Yes,5,4.0,6,6,6,5,6,3,4.0
R592,HR,male,6-10 years,No,5,,5,4,4,5,6,6,6.0
R593,Operations,female,6-10 years,Yes,3,5.0,4,5,5,3,6,6,5.0
R594,Operations,male,6-10 years,No,5,4.0,5,5,5,4,4,2,3.0
R595,Sales,male,2-5 years,Yes,4,5.0,4,3,5,4,3,3,5.0
R596,Sales,female,2-5 years,No,1,2.0,1,5,5,2,3,3,3.0
R597,IT,male,<2 years,No,7,6.0,6,4,4,6,6,5,5.0
R598,Sales,female,6-10 years,No,3,4.0,1,2,2,4,1,4,3.0
R599,Sales,male,2-5 years,No,1,2.0,2,4,3,4,4,1,2.0
R600,Sales,male,6-10 years,No,1,2.0,1,2,5,2,2,2,2.0
