RespondentID,Age_group,Gender,Customer_type,Trust1,Trust2,Trust3,Trust4,Value1,Value2,Value3,Value4,Loyalty1,Loyalty2,Loyalty3
B001,35-49,female,Regular,6,4,4,3,2,5.0,3,4,5,5.0,5
B002,35-49,male,Regular,1,2,2,2,2,2.0,2,3,4,2.0,2
B003,35-49,male,Long-term,3,3,2,2,2,4.0,2,4,2,1.0,1
B004,35-49,female,Regular,7,4,5,6,5,6.0,5,6,5,4.0,4
B005,50+,male,Regular,6,2,3,6,7,7.0,6,6,6,5.0,6
B006,50+,male,Regular,2,2,2,3,3,3.0,2,1,3,1.0,3
B007,25-34,male,New,4,2,4,4,5,3.0,3,4,1,,1
B008,18-24,male,Long-term,6,5,5,7,7,6.0,7,7,7,6.0,4
B009,35-49,female,Long-term,2,3,4,2,3,3.0,4,4,2,4.0,3
B010,25-34,female,New,4,3,4,4,4,4.0,2,4,5,4.0,4
B011,35-49,male,Regular,1,2,3,3,2,4.0,4,5,3,5.0,4
B012,25-34,female,Long-term,3,3,2,4,5,4.0,7,3,4,5.0,6
B013,35-49,male,Regular,7,6,6,6,3,5.0,3,3,6,6.0,7
B014,35-49,male,Long-term,3,3,4,3,5,1.0,4,5,3,3.0,1
B015,35-49,female,Long-term,2,1,1,3,7,7.0,5,5,4,4.0,4
B016,50+,male,Long-term,2,4,3,3,6,,2,5,2,2.0,4
B017,35-49,female,Regular,4,3,3,3,5,6.0,6,5,6,2.0,4
B018,25-34,female,New,3,3,2,1,5,4.0,4,3,1,1.0,1
B019,25-34,male,Regular,5,5,5,5,5,5.0,5,5,5,5.0,5
B020,25-34,male,Long-term,3,4,2,5,3,4.0,2,4,3,2.0,3
B021,25-34,male,Regular,7,7,5,4,7,7.0,5,7,4,5.0,3
B022,35-49,female,New,4,2,2,3,4,4.0,3,3,3,4.0,4
B023,50+,male,Regular,4,5,5,6,5,6.0,3,3,5,5.0,5
B024,25-34,female,Regular,3,2,3,1,3,5.0,2,3,1,3.0,1
B025,25-34,female,Regular,5,5,5,5,5,5.0,5,5,5,5.0,5
B026,18-24,male,Long-term,4,5,4,3,3,4.0,4,3,6,6.0,6
B027,50+,male,New,4,3,4,6,6,4.0,4,5,4,3.0,3
B028,35-49,female,Regular,7,5,6,6,4,4.0,4,3,3,5.0,2
B029,18-24,female,New,7,7,6,6,5,5.0,5,5,6,6.0,6
B030,25-34,female,Regular,3,3,2,4,6,4.0,6,2,4,5.0,4
B031,50+,female,Regular,3,6,5,5,3,3.0,4,4,4,4.0,5
B032,25-34,male,Regular,2,2,5,3,3,1.0,2,2,2,2.0,1
B033,35-49,female,Long-term,4,4,5,5,3,3.0,2,3,3,5.0,4
B034,35-49,male,Regular,4,5,6,7,5,5.0,5,6,5,4.0,3
B035,35-49,female,Regular,1,1,1,1,4,3.0,3,4,3,1.0,2
B036,35-49,male,Regular,6,4,6,4,2,1.0,3,3,4,5.0,6
B037,35-49,female,Regular,5,4,5,3,2,4.0,3,2,2,3.0,6
B038,35-49,female,Long-term,5,7,7,5,2,2.0,4,1,2,4.0,4
B039,25-34,female,Long-term,4,7,5,6,2,4.0,5,6,6,5.0,5
B040,18-24,female,Long-term,3,3,2,3,3,3.0,3,4,2,3.0,3
B041,25-34,male,Regular,3,5,4,3,3,4.0,3,3,3,3.0,1
B042,18-24,male,Regular,1,1,1,1,2,3.0,1,3,1,1.0,2
B043,25-34,male,Long-term,4,4,4,6,3,6.0,4,5,6,5.0,4
B044,25-34,female,Long-term,5,4,5,4,4,4.0,4,3,3,5.0,3
B045,35-49,female,New,2,4,5,5,6,5.0,4,4,3,4.0,3
B046,35-49,female,Regular,7,7,6,5,4,5.0,4,4,4,,4
B047,18-24,male,New,3,3,3,4,6,4.0,3,7,2,2.0,2
B048,35-49,female,Regular,1,2,3,2,3,4.0,5,5,2,,2
B049,35-49,male,Regular,3,2,5,4,4,5.0,6,5,6,4.0,5
B050,25-34,female,New,5,3,5,5,1,2.0,1,2,1,2.0,1
B051,25-34,female,Regular,2,2,2,4,4,4.0,3,3,2,1.0,3
B052,50+,male,New,3,4,4,4,4,4.0,4,5,3,4.0,2
B053,35-49,male,Regular,5,4,4,3,5,2.0,2,6,6,5.0,6
B054,25-34,male,Long-term,4,3,3,3,5,3.0,4,4,5,6.0,5
B055,25-34,male,Regular,4,4,4,5,3,5.0,5,6,3,2.0,2
B056,25-34,female,Long-term,6,3,5,5,4,2.0,5,6,4,2.0,5
B057,25-34,male,Regular,4,4,3,4,2,1.0,1,3,2,2.0,3
B058,35-49,male,New,3,3,3,2,4,1.0,2,2,3,2.0,3
B059,50+,female,New,3,4,5,4,3,1.0,2,2,3,4.0,3
B060,18-24,female,Regular,2,3,3,2,1,,3,5,3,3.0,3
B061,35-49,male,Regular,6,3,5,5,5,7.0,5,4,3,3.0,5
B062,25-34,male,Regular,3,6,5,3,5,3.0,3,2,4,4.0,4
B063,35-49,female,Long-term,3,2,6,4,1,3.0,3,4,4,4.0,3
B064,35-49,female,Regular,7,6,6,6,7,7.0,4,7,6,7.0,5
B065,35-49,female,New,6,6,6,6,3,5.0,6,4,6,7.0,7
B066,35-49,female,Regular,3,5,5,6,7,5.0,5,6,5,4.0,4
B067,18-24,male,Long-term,4,4,5,4,6,6.0,6,5,2,3.0,4
B068,35-49,male,Long-term,2,4,1,3,4,3.0,2,4,3,3.0,4
B069,18-24,male,Long-term,3,4,3,3,5,5.0,5,3,5,2.0,5
B070,35-49,male,New,3,4,3,5,3,,2,3,6,7.0,6
B071,25-34,female,Regular,2,2,3,1,4,5.0,6,6,4,3.0,4
B072,18-24,female,Regular,6,4,4,7,4,3.0,5,4,6,5.0,5
B073,35-49,male,New,5,4,4,6,4,5.0,5,5,4,6.0,7
B074,50+,male,Regular,1,1,1,2,2,4.0,5,4,1,3.0,3
B075,35-49,female,Long-term,7,7,7,5,5,4.0,4,5,6,6.0,3
B076,35-49,female,Long-term,4,6,5,6,5,6.0,3,4,5,5.0,5
B077,50+,female,New,1,1,3,1,5,6.0,6,5,2,1.0,1
B078,25-34,female,Regular,3,3,3,3,3,4.0,3,1,4,5.0,5
B079,50+,male,New,2,1,2,2,5,5.0,4,3,5,4.0,5
B080,35-49,female,New,4,5,4,5,5,4.0,4,4,6,7.0,6
B081,25-34,female,Regular,3,4,4,5,2,4.0,5,5,2,5.0,1
B082,25-34,female,Regular,4,4,4,4,3,3.0,6,4,4,4.0,3
B083,18-24,female,Regular,4,4,4,6,4,4.0,2,2,5,4.0,5
B084,35-49,male,New,5,3,5,3,4,4.0,5,5,2,5.0,3
B085,50+,female,Regular,6,7,4,7,3,2.0,3,5,4,3.0,2
B086,35-49,male,Regular,5,6,5,4,5,,3,3,6,5.0,6
B087,35-49,female,Regular,3,1,3,2,2,4.0,4,3,1,2.0,3
B088,35-49,female,New,6,4,5,5,7,7.0,6,7,6,5.0,7
B089,35-49,female,Regular,5,4,5,5,7,6.0,6,5,3,4.0,5
B090,35-49,male,Regular,3,3,4,1,5,3.0,2,2,4,4.0,4
B091,50+,male,Long-term,4,6,7,7,5,4.0,4,5,4,3.0,2
B092,25-34,female,New,5,4,3,6,3,3.0,3,4,5,5.0,5
B093,35-49,female,Long-term,6,4,5,4,4,5.0,4,5,4,4.0,4
B094,35-49,female,Long-term,1,1,1,2,5,6.0,6,6,2,3.0,3
B095,35-49,female,Regular,3,4,4,4,5,5.0,6,6,7,6.0,6
B096,50+,male,Regular,1,1,1,2,2,3.0,4,1,1,2.0,1
B097,25-34,male,New,5,4,4,3,3,4.0,3,4,6,5.0,4
B098,50+,female,Regular,3,3,3,3,3,3.0,3,4,6,6.0,4
B099,18-24,female,Regular,3,5,5,5,4,2.0,1,2,3,2.0,3
B100,18-24,male,Long-term,4,4,5,5,3,,4,3,4,4.0,6
B101,35-49,female,Regular,4,5,4,6,4,4.0,5,3,4,6.0,6
B102,50+,male,Regular,2,4,4,5,5,6.0,7,6,4,3.0,3
B103,25-34,female,Regular,4,5,4,3,4,4.0,4,5,4,3.0,3
B104,50+,male,Regular,4,6,6,5,5,2.0,4,4,6,6.0,6
B105,50+,male,Regular,5,5,6,4,4,2.0,3,3,5,,5
B106,18-24,male,Regular,4,4,5,5,3,2.0,2,2,4,6.0,6
B107,35-49,male,New,6,5,7,7,3,4.0,5,2,5,6.0,6
B108,35-49,male,New,5,5,5,5,5,5.0,5,5,5,5.0,5
B109,35-49,male,Regular,3,4,5,4,4,5.0,3,3,6,5.0,7
B110,50+,female,Regular,7,7,7,7,6,5.0,7,7,6,7.0,5
B111,25-34,male,Long-term,1,1,1,3,1,1.0,1,1,2,1.0,4
B112,35-49,male,Regular,3,4,3,3,3,4.0,3,3,4,6.0,3
B113,50+,male,New,5,6,7,5,5,4.0,4,4,5,4.0,5
B114,35-49,male,Regular,5,5,4,6,6,7.0,7,6,7,7.0,6
B115,18-24,female,Regular,3,4,4,2,6,3.0,4,4,3,3.0,2
B116,18-24,male,Regular,5,4,5,6,5,7.0,6,7,6,6.0,7
B117,35-49,female,Regular,3,4,4,4,2,6.0,3,2,3,5.0,4
B118,35-49,female,New,7,7,5,6,7,6.0,6,6,7,7.0,5
B119,50+,female,Regular,4,4,1,2,4,2.0,4,4,3,4.0,2
B120,18-24,female,Long-term,5,2,4,3,3,3.0,2,3,4,2.0,2
B121,25-34,male,Long-term,4,3,3,4,4,3.0,3,3,5,3.0,5
B122,25-34,male,Regular,1,1,1,3,6,3.0,1,2,3,3.0,3
B123,35-49,female,Regular,4,5,2,5,4,4.0,4,5,4,4.0,4
B124,50+,female,New,2,3,5,4,4,4.0,5,4,4,4.0,5
B125,25-34,male,Regular,4,4,5,3,7,7.0,5,6,2,5.0,4
B126,50+,female,New,2,1,2,2,4,4.0,5,2,2,2.0,5
B127,50+,male,Regular,3,3,3,3,1,1.0,1,1,3,1.0,3
B128,35-49,female,Regular,4,6,4,6,5,7.0,4,3,5,5.0,6
B129,50+,female,Long-term,3,4,4,3,2,3.0,3,2,3,3.0,3
B130,35-49,female,Long-term,4,3,4,5,4,4.0,4,6,5,5.0,6
B131,50+,female,Long-term,7,7,7,7,6,6.0,6,6,7,7.0,6
B132,25-34,male,New,4,4,4,5,5,3.0,4,4,3,5.0,1
B133,50+,female,Regular,4,4,3,2,1,1.0,2,4,3,4.0,3
B134,35-49,female,New,5,4,7,7,3,5.0,4,6,3,4.0,4
B135,35-49,male,Regular,4,5,3,4,5,7.0,6,6,4,4.0,3
B136,18-24,female,Long-term,3,4,6,5,4,3.0,6,3,4,4.0,4
B137,25-34,female,Regular,4,3,4,3,7,5.0,4,5,6,4.0,5
B138,50+,male,Long-term,3,2,3,5,2,3.0,3,2,1,3.0,2
B139,25-34,male,Long-term,5,5,7,7,6,5.0,3,6,5,4.0,4
B140,25-34,female,Long-term,3,1,2,2,1,2.0,1,1,2,1.0,3
B141,18-24,male,Long-term,3,2,2,4,6,4.0,5,4,4,3.0,5
B142,25-34,female,New,6,7,6,7,3,4.0,7,5,7,6.0,6
B143,50+,female,Regular,4,4,4,4,6,5.0,4,4,4,4.0,3
B144,25-34,male,New,2,2,2,4,5,5.0,5,6,5,4.0,4
B145,18-24,male,New,1,1,3,1,3,4.0,4,3,1,2.0,1
B146,25-34,male,New,2,2,2,1,5,5.0,2,2,3,4.0,3
B147,18-24,male,New,6,6,7,7,7,5.0,5,5,4,7.0,7
B148,35-49,male,New,2,3,3,2,4,5.0,5,3,5,3.0,4
B149,25-34,female,Long-term,6,5,6,3,4,4.0,4,3,5,6.0,4
B150,25-34,female,Regular,1,2,1,2,4,5.0,4,5,4,3.0,4
B151,35-49,male,Long-term,2,1,2,1,3,2.0,4,3,2,,3
B152,50+,male,Regular,2,3,2,2,4,5.0,7,4,2,3.0,5
B153,35-49,male,Long-term,4,3,5,4,7,4.0,7,7,4,5.0,5
B154,18-24,male,Regular,2,2,4,5,3,4.0,4,3,6,6.0,6
B155,35-49,female,Regular,4,2,3,6,4,4.0,5,5,3,2.0,4
B156,18-24,female,New,1,3,3,1,3,4.0,1,2,3,4.0,4
B157,35-49,female,Long-term,5,6,6,5,6,5.0,5,4,4,3.0,5
B158,35-49,female,Regular,3,4,4,3,4,6.0,3,4,4,5.0,5
B159,25-34,female,Regular,3,2,2,4,2,5.0,6,3,3,1.0,3
B160,25-34,male,Regular,4,4,3,3,4,4.0,3,3,5,6.0,5
B161,50+,female,Regular,4,4,4,6,5,,4,2,5,5.0,5
B162,25-34,female,New,5,5,5,5,5,5.0,5,5,5,5.0,5
B163,18-24,female,New,5,5,1,3,1,4.0,2,3,3,2.0,1
B164,18-24,female,Regular,5,5,3,5,4,4.0,6,5,4,3.0,4
B165,35-49,female,Regular,4,5,3,3,5,4.0,5,4,3,4.0,4
B166,50+,female,Long-term,4,5,4,4,4,2.0,4,5,3,3.0,4
B167,25-34,male,Regular,5,4,4,6,3,5.0,6,5,4,5.0,3
B168,50+,male,Long-term,4,4,2,5,4,5.0,4,3,4,4.0,5
B169,35-49,female,New,3,2,3,1,3,2.0,4,2,3,3.0,3
B170,35-49,female,Regular,1,2,1,1,4,3.0,3,1,1,2.0,1
B171,35-49,male,Long-term,4,2,4,4,4,3.0,5,3,2,,3
B172,18-24,male,New,4,5,3,3,5,5.0,4,3,1,2.0,3
B173,18-24,female,Regular,4,3,6,4,5,4.0,3,5,4,2.0,4
B174,25-34,female,Regular,5,3,5,4,6,5.0,4,4,5,5.0,6
B175,50+,female,New,4,3,3,5,1,1.0,3,3,3,2.0,3
B176,25-34,male,Long-term,4,4,2,4,2,1.0,3,2,3,4.0,2
B177,50+,female,Regular,6,4,7,2,3,5.0,5,4,7,5.0,6
B178,50+,female,Long-term,4,5,3,6,3,6.0,4,6,4,4.0,3
B179,25-34,male,Regular,3,3,3,3,3,3.0,3,4,3,2.0,2
B180,18-24,female,New,4,5,5,4,5,4.0,4,2,3,5.0,2
B181,35-49,male,Regular,1,1,2,2,3,4.0,2,2,3,3.0,1
B182,35-49,male,Regular,4,3,7,6,3,3.0,2,3,6,5.0,7
B183,25-34,female,Long-term,4,4,4,3,1,4.0,3,4,2,1.0,3
B184,25-34,male,New,3,2,4,5,2,2.0,1,2,2,2.0,2
B185,50+,female,Long-term,3,3,4,3,3,3.0,4,3,5,3.0,4
B186,35-49,female,Long-term,3,4,3,3,6,4.0,4,2,4,4.0,4
B187,18-24,female,Regular,3,3,2,3,5,3.0,5,5,5,4.0,4
B188,18-24,male,New,2,1,4,5,5,3.0,5,3,4,4.0,5
B189,50+,male,Regular,3,3,2,3,3,2.0,5,4,3,4.0,4
B190,50+,male,Long-term,6,4,5,5,4,3.0,3,1,4,3.0,3
B191,35-49,female,Regular,2,3,2,3,3,3.0,2,3,1,3.0,2
B192,50+,male,New,6,6,6,4,4,3.0,3,3,5,5.0,4
B193,50+,male,New,2,2,4,3,4,5.0,5,5,5,,5
B194,25-34,female,Regular,2,4,3,3,4,4.0,7,3,5,4.0,6
B195,25-34,male,Regular,6,4,3,5,5,7.0,5,3,3,5.0,3
B196,35-49,female,New,4,3,3,2,2,4.0,1,2,4,3.0,3
B197,35-49,female,New,4,4,2,4,1,3.0,2,2,3,2.0,2
B198,18-24,male,Long-term,3,3,4,1,6,4.0,5,5,6,4.0,3
B199,25-34,female,Long-term,4,6,4,4,3,2.0,4,2,4,1.0,2
B200,18-24,male,Regular,3,2,2,3,2,2.0,4,1,4,4.0,5
B201,35-49,male,Long-term,2,3,3,2,1,1.0,1,1,2,2.0,4
B202,50+,female,New,3,2,2,2,2,3.0,4,4,1,2.0,1
B203,35-49,male,Regular,3,2,4,2,1,1.0,1,1,2,1.0,3
B204,50+,male,New,7,6,7,6,3,3.0,2,4,5,6.0,6
B205,50+,male,Long-term,5,6,6,5,6,,7,6,5,6.0,5
B206,50+,male,New,6,6,6,6,6,4.0,4,6,5,4.0,4
B207,25-34,female,New,2,5,4,4,4,5.0,5,6,3,4.0,2
B208,50+,male,Regular,3,3,3,2,4,4.0,4,2,4,3.0,3
B209,25-34,female,New,1,3,2,1,1,2.0,2,1,1,2.0,1
B210,35-49,female,Long-term,6,6,6,4,2,4.0,4,3,5,4.0,5
B211,35-49,female,Long-term,4,3,5,5,5,5.0,4,6,5,5.0,7
B212,18-24,male,Long-term,6,4,6,6,6,5.0,3,7,3,3.0,5
B213,35-49,male,Long-term,6,5,5,2,4,4.0,4,3,2,4.0,4
B214,25-34,female,Regular,4,3,5,6,5,5.0,3,6,4,4.0,6
B215,35-49,female,Regular,6,6,5,6,6,4.0,4,3,5,5.0,7
B216,25-34,male,Regular,6,6,7,5,5,5.0,6,5,5,4.0,5
B217,50+,male,Regular,5,4,4,3,3,4.0,5,1,5,4.0,4
B218,25-34,female,Regular,5,4,4,3,3,1.0,1,2,4,4.0,5
B219,50+,male,New,2,3,2,2,5,5.0,4,5,4,2.0,5
B220,25-34,female,Long-term,4,5,3,3,3,4.0,4,1,1,2.0,2
B221,18-24,male,Long-term,4,3,4,2,2,2.0,2,3,3,1.0,1
B222,25-34,female,Regular,4,5,6,4,5,7.0,7,3,4,4.0,5
B223,25-34,female,Regular,5,6,7,4,6,5.0,5,4,5,6.0,5
B224,35-49,male,Regular,6,7,6,6,3,3.0,3,5,4,5.0,6
B225,25-34,female,Regular,4,2,5,7,3,2.0,4,5,3,2.0,3
B226,25-34,male,Long-term,4,3,3,3,3,,3,6,1,2.0,1
B227,35-49,female,Regular,5,6,6,5,3,3.0,4,3,5,6.0,4
B228,50+,male,Regular,2,3,2,3,4,1.0,3,1,1,1.0,1
B229,18-24,male,Regular,5,6,6,6,2,3.0,6,3,7,6.0,5
B230,50+,male,Regular,3,3,3,3,3,5.0,5,5,4,3.0,4
B231,25-34,male,New,7,4,3,5,5,4.0,2,3,4,5.0,4
B232,35-49,female,Regular,5,3,3,4,5,4.0,5,3,4,2.0,4
B233,50+,female,Regular,5,5,5,5,5,5.0,5,5,5,5.0,5
B234,35-49,female,Long-term,3,5,4,5,4,3.0,4,5,5,3.0,4
B235,25-34,male,Long-term,5,6,6,4,6,6.0,4,6,6,6.0,4
B236,25-34,female,Regular,5,6,4,2,4,5.0,3,6,5,4.0,5
B237,25-34,female,New,5,5,5,5,5,5.0,5,5,5,5.0,5
B238,35-49,female,Long-term,4,4,3,3,5,4.0,4,5,5,5.0,3
B239,35-49,female,New,4,5,4,5,3,4.0,5,4,3,4.0,4
B240,50+,male,Long-term,3,3,2,4,3,3.0,1,2,4,2.0,3
B241,50+,female,New,2,4,4,4,5,6.0,4,5,3,5.0,4
B242,35-49,female,Long-term,2,4,2,3,5,5.0,5,3,5,2.0,5
B243,50+,female,New,2,1,1,1,2,2.0,2,3,3,2.0,4
B244,50+,female,New,1,1,1,1,1,1.0,1,2,1,1.0,2
B245,35-49,female,Regular,3,1,1,1,4,4.0,4,4,5,5.0,3
B246,50+,male,New,2,3,3,4,3,4.0,3,2,4,3.0,3
B247,35-49,male,Long-term,2,3,2,3,4,3.0,4,4,4,2.0,4
B248,25-34,female,New,7,7,7,6,7,4.0,4,4,7,6.0,7
B249,18-24,female,Regular,2,2,2,2,3,2.0,4,4,5,6.0,6
B250,25-34,male,Regular,3,3,1,3,4,4.0,3,2,2,4.0,2
B251,50+,male,Long-term,7,5,7,7,6,6.0,7,6,7,6.0,7
B252,18-24,male,Regular,5,1,5,3,2,4.0,4,4,2,4.0,2
B253,25-34,female,Regular,2,3,1,3,5,3.0,3,4,3,2.0,3
B254,50+,male,Regular,1,1,1,2,4,3.0,5,2,4,1.0,2
B255,25-34,female,New,4,4,3,5,4,3.0,3,3,1,1.0,3
B256,25-34,female,Regular,1,3,1,1,3,2.0,4,5,2,1.0,2
B257,35-49,female,Regular,6,4,6,5,2,2.0,3,2,5,3.0,5
B258,50+,female,New,5,6,5,6,4,4.0,4,4,5,6.0,7
B259,25-34,female,Regular,4,4,4,2,5,5.0,7,4,3,4.0,3
B260,50+,male,Long-term,3,3,4,6,5,4.0,3,4,6,6.0,6
B261,35-49,female,Long-term,4,3,2,4,4,3.0,4,3,3,4.0,1
B262,18-24,male,New,3,2,4,4,3,1.0,4,2,4,3.0,3
B263,25-34,male,Long-term,6,7,5,6,5,4.0,6,6,5,6.0,4
B264,25-34,female,Regular,4,2,5,4,5,4.0,6,3,5,2.0,4
B265,18-24,female,New,1,1,1,1,2,1.0,1,3,3,3.0,1
B266,25-34,female,Long-term,3,4,3,4,4,3.0,2,6,3,3.0,4
B267,35-49,female,Long-term,7,5,4,6,5,3.0,3,5,3,,6
B268,35-49,male,Regular,4,6,6,6,4,3.0,4,6,2,3.0,4
B269,35-49,female,Regular,2,2,3,2,3,4.0,4,1,1,3.0,1
B270,25-34,male,Regular,5,5,4,5,4,3.0,5,3,5,4.0,4
B271,18-24,male,Regular,5,4,6,6,3,4.0,4,4,5,4.0,3
B272,35-49,male,Long-term,2,2,3,1,2,1.0,2,2,2,3.0,5
B273,35-49,male,New,3,2,2,3,4,5.0,5,5,3,1.0,5
B274,18-24,male,Regular,5,4,4,4,3,3.0,4,4,4,5.0,4
B275,50+,female,Regular,6,6,7,6,6,3.0,5,6,7,6.0,6
B276,25-34,female,New,4,1,1,2,2,3.0,3,2,1,1.0,3
B277,50+,male,Long-term,6,5,5,5,6,5.0,4,4,7,5.0,5
B278,35-49,female,Regular,3,3,4,2,4,3.0,5,2,4,4.0,4
B279,35-49,female,Long-term,4,1,3,3,2,3.0,3,2,3,2.0,4
B280,18-24,male,New,6,6,4,5,7,7.0,6,6,5,4.0,5
B281,50+,male,New,4,1,4,3,4,,4,3,4,5.0,4
B282,35-49,male,Regular,4,3,3,6,4,3.0,5,4,4,5.0,6
B283,18-24,female,Regular,4,3,3,4,3,2.0,3,5,5,5.0,4
B284,18-24,male,Regular,6,5,6,3,3,2.0,3,3,4,4.0,3
B285,25-34,female,New,4,4,6,5,5,6.0,5,4,5,6.0,5
B286,25-34,female,Regular,2,4,2,3,3,2.0,4,3,3,3.0,3
B287,18-24,male,Regular,3,3,4,1,2,6.0,5,4,3,4.0,5
B288,35-49,male,Regular,3,1,1,2,5,5.0,4,3,4,3.0,5
B289,35-49,female,Regular,3,3,1,3,5,4.0,2,4,2,1.0,2
B290,50+,female,Long-term,5,6,3,3,6,,4,5,3,5.0,6
B291,35-49,female,Long-term,6,7,6,4,7,7.0,5,7,4,6.0,4
B292,35-49,male,New,6,7,7,7,5,5.0,5,7,6,6.0,6
B293,18-24,female,Regular,4,4,4,5,5,2.0,5,4,3,4.0,4
B294,25-34,male,Regular,4,3,5,5,4,5.0,7,5,5,4.0,4
B295,35-49,male,Long-term,3,4,2,1,3,4.0,4,2,3,3.0,5
B296,25-34,female,New,7,5,6,7,4,4.0,2,7,7,6.0,6
B297,50+,female,Regular,4,7,7,4,4,5.0,4,4,5,5.0,3
B298,25-34,female,New,3,5,3,4,6,,5,4,2,3.0,2
B299,50+,male,Long-term,3,3,5,4,4,2.0,4,5,3,3.0,4
B300,50+,female,Regular,6,3,5,5,3,5.0,2,5,3,3.0,4
B301,18-24,female,New,4,5,4,5,3,3.0,6,3,4,4.0,6
B302,35-49,male,Regular,4,6,5,4,7,6.0,4,5,4,5.0,6
B303,50+,male,Regular,3,2,2,1,3,5.0,6,4,4,2.0,5
B304,50+,female,Regular,5,6,4,4,3,4.0,4,2,3,4.0,4
B305,18-24,female,Long-term,5,3,6,5,3,2.0,2,3,3,3.0,3
B306,35-49,male,Regular,7,4,7,4,1,3.0,2,3,6,2.0,6
B307,50+,female,Regular,4,4,5,4,3,5.0,3,4,4,2.0,4
B308,18-24,female,Regular,2,2,1,1,5,3.0,2,3,3,1.0,1
B309,35-49,female,Regular,5,5,3,3,5,3.0,1,4,3,3.0,3
B310,18-24,female,Long-term,5,3,5,4,4,5.0,2,3,4,5.0,4
B311,25-34,male,Long-term,4,2,5,4,4,3.0,3,3,3,3.0,5
B312,50+,male,Regular,3,2,3,3,1,3.0,3,4,2,,2
B313,35-49,female,New,5,5,7,3,5,4.0,4,5,7,5.0,7
B314,50+,female,Long-term,3,2,4,3,1,4.0,2,2,4,4.0,3
B315,25-34,female,Regular,4,4,5,5,3,5.0,4,3,6,4.0,3
B316,25-34,male,Regular,3,4,2,3,4,4.0,5,4,3,5.0,2
B317,25-34,male,Regular,4,4,3,4,3,4.0,4,5,4,5.0,6
B318,25-34,male,Long-term,3,5,2,5,4,3.0,4,4,2,3.0,6
B319,25-34,female,Regular,4,4,3,4,2,3.0,3,5,4,4.0,2
B320,18-24,male,Long-term,4,5,4,3,2,1.0,4,4,4,4.0,5
B321,18-24,female,Regular,4,1,2,2,5,6.0,4,5,6,5.0,7
B322,25-34,male,New,5,5,5,3,3,4.0,3,2,4,4.0,4
B323,35-49,male,New,7,7,7,7,6,7.0,6,7,7,7.0,7
B324,35-49,female,New,4,3,5,4,5,4.0,6,4,4,4.0,4
B325,18-24,female,Regular,4,4,5,5,5,5.0,2,4,5,3.0,5
B326,18-24,female,Long-term,4,6,6,5,2,4.0,5,6,5,6.0,4
B327,25-34,male,Regular,5,4,4,3,4,4.0,3,3,3,4.0,4
B328,50+,male,Long-term,7,3,3,6,3,4.0,4,3,6,5.0,4
B329,50+,male,New,4,5,3,5,1,3.0,1,2,4,4.0,5
B330,25-34,male,Regular,5,5,5,6,4,3.0,3,4,5,5.0,4
B331,50+,female,New,5,4,5,6,4,5.0,5,4,6,5.0,6
B332,35-49,male,New,4,4,5,7,6,5.0,4,6,3,6.0,6
B333,35-49,female,Long-term,4,2,1,3,4,6.0,4,6,2,2.0,2
B334,35-49,female,New,3,3,4,3,4,1.0,3,2,2,4.0,3
B335,35-49,male,New,4,7,5,6,4,3.0,5,4,4,6.0,5
B336,25-34,female,Regular,4,5,3,5,2,5.0,4,3,3,3.0,5
B337,18-24,female,Long-term,6,4,2,4,3,3.0,4,4,3,4.0,5
B338,25-34,female,Long-term,1,1,2,1,3,4.0,3,3,4,,2
B339,25-34,female,Regular,2,3,3,3,3,4.0,2,3,3,,2
B340,18-24,female,Regular,2,3,3,1,5,6.0,5,5,4,4.0,3
B341,50+,female,Regular,7,6,6,6,6,4.0,5,7,6,7.0,6
B342,35-49,female,Regular,4,4,6,3,2,2.0,3,3,2,3.0,2
B343,35-49,female,New,3,4,5,4,4,2.0,4,3,5,4.0,5
B344,25-34,male,New,2,2,2,2,1,2.0,2,3,4,,1
B345,50+,male,Long-term,4,2,6,6,4,4.0,4,2,3,4.0,4
B346,18-24,male,Regular,7,7,6,6,4,5.0,6,7,6,4.0,5
B347,35-49,male,New,4,3,2,2,4,3.0,2,4,2,4.0,1
B348,25-34,male,Regular,5,3,4,4,5,3.0,5,5,5,4.0,5
B349,25-34,male,Regular,5,6,5,4,4,3.0,2,3,1,2.0,2
B350,50+,female,Long-term,1,1,2,4,3,3.0,5,3,3,3.0,4
B351,25-34,male,New,5,5,3,4,3,4.0,3,4,1,3.0,3
B352,25-34,male,New,5,5,5,5,5,5.0,5,5,5,5.0,5
B353,50+,female,New,4,5,4,4,5,6.0,7,6,4,3.0,3
B354,35-49,male,Regular,3,4,4,3,7,5.0,4,4,4,5.0,6
B355,50+,female,Regular,5,7,6,7,2,4.0,4,3,4,5.0,4
B356,25-34,male,Regular,2,3,1,4,5,,4,4,3,2.0,4
B357,35-49,male,Regular,5,5,5,5,4,4.0,6,5,4,6.0,5
B358,50+,male,New,5,7,5,6,4,4.0,5,5,4,5.0,5
B359,25-34,female,Long-term,6,5,7,3,4,4.0,5,5,4,5.0,3
B360,25-34,male,New,3,2,2,4,1,2.0,1,2,2,2.0,3
B361,18-24,female,Long-term,3,2,4,3,2,4.0,4,3,3,2.0,2
B362,50+,male,Regular,3,4,5,5,5,5.0,4,4,3,,3
B363,35-49,female,Regular,4,5,4,2,6,6.0,5,5,5,2.0,5
B364,18-24,male,Regular,4,4,4,3,5,4.0,6,4,2,3.0,5
B365,25-34,male,New,5,6,4,3,3,3.0,4,4,5,4.0,3
B366,25-34,male,Long-term,4,2,1,3,2,3.0,2,4,2,2.0,3
B367,25-34,male,Long-term,4,2,5,4,2,2.0,5,2,4,5.0,3
B368,50+,male,Long-term,6,5,7,5,4,4.0,5,5,6,5.0,7
B369,18-24,male,New,4,1,5,5,5,2.0,5,3,2,3.0,4
B370,50+,female,Long-term,6,3,4,4,3,3.0,3,2,2,,4
B371,18-24,male,Long-term,5,4,3,3,4,3.0,4,3,3,4.0,5
B372,25-34,male,Regular,4,4,4,6,5,,3,2,4,4.0,6
B373,18-24,female,Regular,6,7,7,7,4,4.0,3,3,7,6.0,6
B374,25-34,male,New,5,5,5,5,5,5.0,5,5,5,5.0,5
B375,50+,female,Long-term,3,3,4,3,2,3.0,3,4,3,4.0,2
B376,35-49,female,New,5,5,3,4,6,2.0,4,4,5,6.0,6
B377,25-34,female,Long-term,5,6,3,5,4,5.0,3,4,3,3.0,3
B378,25-34,female,Long-term,7,5,7,7,6,7.0,7,6,7,7.0,7
B379,18-24,female,Regular,3,2,2,1,3,1.0,3,2,1,1.0,2
B380,25-34,female,Regular,5,4,6,5,4,6.0,6,3,4,4.0,5
B381,25-34,male,New,3,4,5,4,2,2.0,3,1,3,3.0,4
B382,18-24,female,Long-term,7,6,6,7,5,6.0,6,6,7,7.0,7
B383,18-24,female,Regular,5,4,3,3,1,2.0,3,4,4,7.0,4
B384,18-24,female,Regular,5,2,2,3,4,5.0,5,4,1,2.0,1
B385,35-49,male,Regular,3,2,3,3,4,3.0,6,4,4,5.0,4
B386,50+,female,Long-term,2,2,3,2,3,5.0,4,1,2,2.0,4
B387,35-49,female,Regular,5,6,3,4,2,4.0,6,4,5,3.0,4
B388,35-49,female,Regular,1,1,1,1,3,2.0,2,2,1,1.0,1
B389,50+,male,Long-term,5,4,6,6,4,7.0,5,5,6,6.0,7
B390,18-24,male,New,2,4,3,3,4,5.0,4,5,5,6.0,5
B391,18-24,female,Long-term,2,3,2,3,5,5.0,4,4,4,6.0,5
B392,18-24,female,Regular,5,3,4,3,4,5.0,6,5,6,5.0,3
B393,35-49,female,New,5,7,6,4,4,6.0,4,4,4,4.0,4
B394,50+,male,Regular,3,4,3,3,2,3.0,3,4,4,5.0,4
B395,50+,female,Regular,4,4,4,6,4,4.0,6,3,3,3.0,4
B396,50+,female,Regular,3,4,4,1,5,3.0,5,1,3,3.0,3
B397,18-24,female,New,6,4,6,5,3,1.0,4,3,4,4.0,5
B398,50+,female,Regular,3,3,5,2,3,2.0,2,3,3,3.0,3
B399,25-34,female,New,4,3,4,4,4,4.0,4,3,2,5.0,4
B400,25-34,male,Long-term,2,4,1,1,5,5.0,5,7,1,2.0,3
B401,50+,female,Regular,4,7,4,4,3,1.0,4,2,3,2.0,4
B402,18-24,male,New,2,2,1,2,3,3.0,4,4,3,2.0,3
B403,25-34,female,Regular,5,3,6,4,4,2.0,2,1,6,5.0,4
B404,35-49,female,Regular,5,7,6,5,6,6.0,3,5,5,5.0,3
B405,25-34,male,Long-term,4,5,3,1,4,7.0,4,6,5,,5
B406,25-34,female,Regular,3,4,4,5,7,5.0,4,5,3,3.0,3
B407,25-34,male,Long-term,4,6,4,4,4,3.0,3,4,2,5.0,4
B408,18-24,female,Regular,2,2,2,3,3,5.0,5,5,3,4.0,2
B409,18-24,female,Long-term,5,3,3,4,2,1.0,1,4,4,5.0,5
B410,18-24,female,Regular,6,6,6,4,5,,4,4,7,5.0,6
B411,25-34,male,Long-term,2,3,7,2,2,3.0,1,1,3,3.0,3
B412,18-24,female,Regular,2,2,2,2,3,3.0,2,3,3,3.0,3
B413,25-34,female,Regular,4,5,5,7,2,3.0,4,4,3,3.0,2
B414,35-49,male,Regular,3,2,4,3,3,2.0,2,3,2,3.0,4
B415,50+,male,Long-term,4,5,4,4,3,4.0,4,6,6,5.0,5
B416,35-49,female,Long-term,5,3,5,3,3,,7,4,4,5.0,2
B417,25-34,male,New,7,5,6,5,6,5.0,5,5,5,6.0,7
B418,18-24,female,Regular,3,6,3,4,4,,5,4,2,4.0,2
B419,35-49,male,New,6,5,4,5,5,4.0,5,3,2,,2
B420,18-24,female,New,5,4,6,5,3,3.0,3,5,4,5.0,6
B421,35-49,female,Long-term,5,4,6,6,4,5.0,4,1,5,4.0,5
B422,35-49,male,Regular,2,1,1,1,4,4.0,4,1,1,1.0,1
B423,25-34,male,New,4,3,2,4,1,3.0,4,3,1,1.0,1
B424,50+,male,Regular,5,5,5,5,5,5.0,5,5,5,5.0,5
B425,50+,female,Long-term,5,4,4,5,4,2.0,2,4,2,3.0,4
B426,18-24,male,Long-term,4,4,3,4,3,5.0,4,4,3,4.0,4
B427,50+,male,Long-term,4,3,4,2,6,5.0,3,5,3,3.0,4
B428,18-24,female,Regular,3,5,5,5,6,4.0,5,5,5,4.0,3
B429,50+,female,Long-term,2,2,2,4,4,5.0,3,4,2,2.0,4
B430,35-49,male,Long-term,5,3,4,4,3,4.0,4,5,5,5.0,5
B431,25-34,male,Regular,4,5,3,3,3,3.0,3,3,3,3.0,3
B432,35-49,female,Regular,2,4,3,3,4,5.0,5,5,4,3.0,3
B433,25-34,female,Regular,6,5,6,3,3,1.0,3,2,6,4.0,6
B434,25-34,female,Regular,2,2,1,1,2,4.0,2,4,3,1.0,2
B435,50+,male,New,4,5,6,5,4,3.0,3,5,7,7.0,7
B436,35-49,female,Long-term,6,5,3,4,5,3.0,3,4,4,4.0,5
B437,35-49,male,Long-term,6,6,3,5,4,6.0,4,6,4,3.0,3
B438,35-49,female,New,1,2,2,2,3,1.0,3,1,3,4.0,2
B439,25-34,female,New,1,1,1,1,3,4.0,4,6,2,3.0,3
B440,50+,male,Long-term,1,2,1,4,4,6.0,5,5,2,4.0,3
B441,25-34,female,Regular,2,2,4,3,3,2.0,3,3,4,4.0,5
B442,18-24,female,Regular,4,3,3,4,4,3.0,6,4,3,3.0,2
B443,18-24,male,Regular,4,5,6,4,3,5.0,2,2,1,3.0,2
B444,35-49,female,New,2,2,3,3,3,5.0,2,5,1,2.0,1
B445,35-49,female,Long-term,5,6,3,6,2,4.0,2,3,3,3.0,3
B446,35-49,male,Regular,5,4,3,4,6,5.0,6,6,7,4.0,5
B447,50+,female,New,2,2,3,2,1,1.0,1,2,3,4.0,4
B448,50+,male,Regular,5,6,5,5,6,7.0,7,6,7,,7
B449,50+,male,Regular,1,2,2,2,4,4.0,6,5,2,2.0,3
B450,18-24,female,Regular,3,2,3,4,4,,4,4,5,5.0,6
B451,18-24,female,Regular,2,4,3,3,3,4.0,4,6,3,5.0,6
B452,35-49,female,Long-term,3,5,5,3,4,4.0,3,2,4,5.0,5
B453,18-24,male,Regular,3,3,1,3,3,2.0,2,3,1,4.0,3
B454,25-34,male,Regular,6,5,4,5,6,2.0,4,6,4,5.0,4
B455,18-24,male,Regular,1,2,1,1,3,4.0,2,2,4,3.0,4
B456,18-24,female,Regular,6,5,5,3,6,6.0,5,5,5,4.0,3
B457,18-24,female,New,5,4,5,5,3,2.0,3,3,4,4.0,3
B458,50+,female,Regular,4,4,5,3,6,5.0,3,5,6,4.0,4
B459,50+,female,Regular,3,3,6,6,4,4.0,4,5,2,3.0,3
B460,50+,male,New,7,7,6,7,7,5.0,5,4,7,7.0,7
B461,25-34,male,New,4,7,6,4,4,4.0,4,4,4,6.0,3
B462,35-49,male,New,5,6,6,4,3,4.0,5,3,3,5.0,4
B463,35-49,female,Regular,2,4,4,4,6,6.0,4,5,6,6.0,4
B464,35-49,female,Long-term,7,5,4,2,4,5.0,4,3,4,2.0,5
B465,35-49,male,Long-term,3,2,2,3,1,2.0,1,1,5,4.0,4
B466,50+,male,Regular,4,6,4,4,1,1.0,2,3,3,3.0,4
B467,25-34,female,Regular,7,6,5,4,5,1.0,4,3,5,,5
B468,18-24,female,Long-term,5,5,3,4,6,3.0,5,7,4,6.0,5
B469,35-49,female,Long-term,5,3,5,5,4,3.0,3,5,6,6.0,5
B470,35-49,male,New,3,2,2,3,2,4.0,4,4,4,2.0,3
B471,18-24,male,Regular,4,4,3,4,7,4.0,3,4,4,4.0,4
B472,25-34,female,Regular,5,6,5,7,3,4.0,4,3,5,7.0,5
B473,35-49,female,New,2,2,1,2,3,4.0,4,4,3,4.0,2
B474,18-24,female,New,4,5,4,7,5,,7,6,5,5.0,5
B475,25-34,female,New,5,5,4,4,5,6.0,5,3,4,3.0,4
B476,50+,female,Regular,2,1,1,1,2,3.0,2,2,1,3.0,2
B477,50+,male,Regular,5,3,3,5,4,4.0,5,5,4,4.0,5
B478,25-34,male,New,6,3,4,6,7,6.0,5,5,6,5.0,5
B479,18-24,male,Long-term,6,2,3,3,4,3.0,5,5,4,4.0,3
B480,50+,female,New,1,1,1,1,2,4.0,3,3,3,1.0,2
B481,35-49,female,New,4,5,4,4,5,6.0,6,7,5,3.0,5
B482,18-24,female,Regular,1,1,1,2,1,1.0,2,4,1,3.0,1
B483,50+,female,New,6,6,6,4,6,5.0,6,3,6,3.0,5
B484,18-24,female,Regular,1,3,3,2,2,4.0,3,1,2,2.0,5
B485,25-34,male,New,2,4,4,4,5,6.0,4,5,4,4.0,6
B486,25-34,male,Regular,7,6,6,5,6,5.0,5,6,5,5.0,5
B487,50+,female,Long-term,6,5,4,3,3,1.0,4,3,5,4.0,4
B488,35-49,male,Regular,3,4,4,4,6,7.0,6,7,5,5.0,5
B489,25-34,male,Regular,3,4,2,2,3,2.0,2,3,5,5.0,4
B490,35-49,male,Regular,2,3,2,3,3,4.0,3,4,4,4.0,3
B491,18-24,male,Regular,3,4,4,4,4,5.0,4,5,4,3.0,3
B492,25-34,male,Regular,3,3,3,3,3,6.0,5,5,4,6.0,3
B493,35-49,male,Long-term,2,3,3,1,4,6.0,6,5,2,3.0,1
B494,50+,female,Regular,4,4,4,5,4,4.0,4,6,4,7.0,6
B495,18-24,female,Regular,2,4,4,2,4,5.0,6,7,2,3.0,4
B496,18-24,female,New,5,5,5,5,5,5.0,5,5,5,5.0,5
B497,18-24,male,Long-term,5,2,4,5,3,4.0,3,2,2,2.0,2
B498,25-34,female,Regular,4,4,5,3,3,3.0,3,6,5,4.0,2
B499,25-34,male,Regular,5,4,3,5,4,2.0,3,2,5,5.0,6
B500,35-49,female,Regular,3,5,3,2,7,5.0,4,5,6,5.0,5
