StudentID,Gender,Age,Year,Programme,Residence,Teaching_method,Study_hours_week,Sleep_hours,Anxiety_score,Pre_score,Post_score,Score_T1,Score_T2,Score_T3,Exam_score,Project_score,Passed,Pass_before,Pass_after,Satisfaction_1to5,Mot1,Mot2,Mot3,Mot4,Mot5,Mot6,Anx1,Anx2,Anx3,Anx4,Anx5,Anx6
ST001,male,22,4,Business,Rented,Blended,2.0,5.9,17.2,45.2,50.3,45.2,49.8,50.3,35.2,44.2,No,No,Yes,2.0,1,2,3,2,2,4,4,4,2,3,2,4
ST002,female,21,2,Science,Rented,Blended,6.5,6.9,12.7,47.1,49.2,47.1,51.4,49.2,39.6,47.9,No,No,No,3.0,4,3,4,4,3,3,3,2,2,2,3,3
ST003,female,19,1,Arts,Rented,Flipped,5.0,6.3,12.7,50.1,59.2,50.1,55.0,59.2,54.9,52.1,Yes,Yes,Yes,1.0,3,4,3,3,3,4,2,3,3,2,4,2
ST004,female,21,3,Science,Home,Flipped,6.9,5.0,15.6,73.2,85.1,73.2,75.7,85.1,63.3,65.4,Yes,Yes,Yes,3.0,2,3,3,3,2,4,4,3,2,4,2,3
ST005,male,20,1,Business,Home,Lecture,3.6,7.8,12.5,53.2,62.3,53.2,59.1,62.3,55.3,38.5,Yes,Yes,Yes,2.0,3,3,1,3,3,3,3,3,3,3,3,3
ST006,female,21,2,Arts,Rented,Blended,5.4,5.9,15.2,75.5,82.4,75.5,77.1,82.4,,71.6,Yes,Yes,Yes,3.0,3,3,3,3,2,4,3,5,3,2,2,2
ST007,male,20,2,Arts,Home,Blended,9.4,5.8,19.4,53.8,74.4,53.8,65.8,74.4,58.7,33.0,Yes,Yes,Yes,3.0,3,2,3,4,3,3,4,5,1,5,2,5
ST008,male,22,3,Business,Rented,Lecture,6.2,6.5,12.9,44.0,43.7,44.0,44.8,43.7,41.4,41.6,No,No,No,4.0,5,4,4,3,4,5,2,3,4,3,4,3
ST009,female,22,4,Science,,Blended,4.5,6.2,12.0,64.8,77.1,64.8,65.4,77.1,60.7,59.7,Yes,Yes,Yes,4.0,2,2,2,3,2,2,3,1,4,2,4,3
ST010,male,18,1,Business,Home,Blended,4.8,6.4,20.8,64.9,72.5,64.9,72.2,72.5,52.0,69.6,Yes,Yes,Yes,4.0,2,1,2,2,3,2,4,4,2,4,1,4
ST011,female,19,1,Science,Home,Blended,8.1,6.0,15.7,52.5,72.5,52.5,57.8,72.5,48.6,53.1,No,Yes,Yes,4.0,3,2,3,3,4,2,4,3,3,4,2,4
ST012,female,21,3,Business,Home,Flipped,6.8,6.4,13.4,58.0,60.3,58.0,62.4,60.3,55.6,71.1,Yes,Yes,Yes,4.0,3,3,2,4,1,3,3,3,1,3,3,4
ST013,male,20,3,Science,Hostel,Flipped,11.7,6.0,16.6,57.0,61.9,57.0,57.7,61.9,44.8,46.6,No,Yes,Yes,4.0,3,4,3,4,4,3,3,3,4,2,3,2
ST014,female,21,2,Arts,Home,Lecture,6.1,6.9,14.2,67.3,74.0,67.3,71.1,74.0,58.7,48.8,Yes,Yes,Yes,,3,2,3,4,2,3,4,4,3,2,2,3
ST015,male,19,1,Business,Home,Flipped,18.2,5.6,14.7,65.3,70.1,65.3,66.8,70.1,64.6,44.8,Yes,Yes,Yes,1.0,3,4,3,3,4,4,3,2,3,2,4,4
ST016,female,18,1,Science,Home,Flipped,5.9,7.2,9.2,52.8,63.9,52.8,63.1,63.9,57.8,64.9,Yes,Yes,Yes,5.0,4,4,3,4,3,4,2,3,4,3,2,1
ST017,male,18,1,Arts,Home,Blended,4.9,6.7,11.2,74.1,84.7,74.1,77.6,84.7,67.0,66.6,Yes,Yes,Yes,3.0,3,3,5,3,5,4,3,3,3,4,2,3
ST018,male,20,1,Science,Rented,Blended,10.3,5.2,12.9,69.9,80.4,69.9,75.7,80.4,56.3,47.9,Yes,Yes,Yes,2.0,3,3,3,3,3,3,3,3,3,2,4,3
ST019,male,21,3,Arts,Home,Blended,2.9,6.3,9.6,80.3,82.6,80.3,82.4,82.6,,67.8,Yes,Yes,Yes,3.0,5,4,3,3,4,3,2,2,3,2,4,2
ST020,female,21,4,Science,Home,Lecture,3.9,8.1,9.5,44.6,51.0,44.6,45.8,51.0,49.6,50.7,No,No,Yes,1.0,3,4,5,4,3,3,2,3,4,3,5,3
ST021,female,20,2,Business,Home,Flipped,12.9,5.7,14.2,66.1,79.8,66.1,77.7,79.8,73.2,92.5,Yes,Yes,Yes,3.0,4,4,3,4,4,4,3,3,3,3,3,4
ST022,female,20,2,Business,Home,Flipped,4.1,7.2,11.9,70.8,80.1,70.8,72.0,80.1,66.8,69.9,Yes,Yes,Yes,2.0,2,2,3,3,2,2,3,3,2,3,3,3
ST023,female,22,3,Arts,Home,Blended,3.8,8.4,10.0,43.0,41.6,43.0,42.6,41.6,53.6,58.2,Yes,No,No,2.0,4,3,3,3,3,4,1,1,4,2,4,3
ST024,male,20,2,Science,Rented,Lecture,10.3,5.5,,68.5,65.5,68.5,69.5,65.5,47.8,58.3,No,Yes,Yes,3.0,3,3,3,2,3,2,4,5,1,4,2,5
ST025,female,19,1,Science,Hostel,Blended,10.6,,13.7,76.3,82.8,76.3,78.8,82.8,71.0,65.6,Yes,Yes,Yes,2.0,4,5,4,4,4,4,1,1,4,3,3,3
ST026,female,17,1,Arts,Rented,Lecture,10.7,5.9,10.9,63.6,63.3,63.6,58.2,63.3,60.5,53.4,Yes,Yes,Yes,3.0,4,3,5,3,3,3,4,3,3,4,3,4
ST027,female,22,3,Science,Rented,Blended,4.8,8.3,17.0,56.6,58.4,56.6,60.4,58.4,51.4,54.0,Yes,Yes,Yes,2.0,4,3,3,4,3,4,4,5,3,4,3,4
ST028,female,21,4,Arts,Home,Flipped,6.4,7.4,14.6,43.8,53.4,43.8,44.3,53.4,,74.0,Yes,No,Yes,5.0,3,3,4,2,3,3,3,3,3,3,3,4
ST029,male,23,4,Business,Home,Blended,9.0,8.4,,60.1,62.7,60.1,59.9,62.7,52.2,65.8,Yes,Yes,Yes,3.0,3,3,3,3,2,3,5,3,2,3,3,5
ST030,female,22,4,Science,Home,Blended,8.1,5.2,11.3,55.6,57.4,55.6,62.2,57.4,44.8,44.2,No,Yes,Yes,4.0,4,5,3,4,3,5,2,3,4,3,3,2
ST031,female,23,3,Science,Home,Blended,7.2,5.4,11.3,42.4,57.6,42.4,47.3,57.6,41.2,55.7,No,No,Yes,4.0,3,2,3,3,3,2,3,3,3,3,3,3
ST032,male,19,1,Science,Hostel,Flipped,6.5,6.7,11.0,40.1,56.1,40.1,42.8,56.1,49.9,52.2,No,No,Yes,1.0,3,3,2,3,2,3,2,2,5,1,4,3
ST033,female,22,4,Science,Rented,Blended,6.6,7.5,15.0,48.7,69.9,48.7,68.6,69.9,62.2,72.5,Yes,No,Yes,2.0,4,5,5,4,4,4,3,4,3,4,2,2
ST034,male,17,1,Science,Hostel,Flipped,8.4,5.5,13.0,66.8,75.3,66.8,67.2,75.3,53.1,70.6,Yes,Yes,Yes,2.0,3,3,3,3,3,2,3,3,2,3,2,2
ST035,male,23,4,Business,Home,Blended,6.0,5.9,17.4,76.1,81.0,76.1,79.3,81.0,59.8,78.5,Yes,Yes,Yes,3.0,2,2,2,2,3,3,5,4,2,3,2,5
ST036,female,20,3,Science,Rented,Lecture,5.4,7.6,9.4,76.6,74.5,76.6,81.5,74.5,65.6,78.2,Yes,Yes,Yes,3.0,3,2,3,2,3,3,2,2,3,2,5,4
ST037,female,21,2,Business,Rented,Flipped,48.0,5.9,16.7,65.1,76.0,65.1,69.5,76.0,63.2,65.2,Yes,Yes,Yes,3.0,1,2,2,2,2,1,4,5,2,4,1,3
ST038,female,22,3,Arts,Home,Lecture,9.2,7.5,17.6,55.2,61.7,55.2,54.6,61.7,65.1,57.4,Yes,Yes,Yes,3.0,4,3,4,4,3,2,4,5,2,5,1,4
ST039,male,21,4,Arts,Home,Flipped,2.4,6.0,9.7,48.5,48.8,48.5,46.1,48.8,47.9,80.9,No,No,No,3.0,2,1,3,3,2,2,3,2,3,2,3,2
ST040,female,21,3,Arts,Home,Flipped,7.7,6.1,14.7,55.6,64.9,55.6,60.5,64.9,53.9,71.1,Yes,Yes,Yes,3.0,2,3,3,3,2,2,4,4,2,3,3,2
ST041,female,20,1,Science,Hostel,Blended,9.7,6.1,14.4,58.0,66.5,58.0,65.9,66.5,74.4,73.8,Yes,Yes,Yes,2.0,3,3,4,3,2,4,3,3,2,3,3,5
ST042,female,20,3,Arts,Rented,Flipped,8.3,7.1,12.3,56.8,56.4,56.8,59.2,56.4,54.2,52.7,Yes,Yes,Yes,5.0,2,2,2,3,3,4,3,2,4,2,3,3
ST043,male,21,3,Science,Hostel,Blended,6.6,8.5,11.8,62.5,69.0,62.5,61.0,69.0,58.2,57.7,Yes,Yes,Yes,3.0,4,3,5,5,4,4,1,1,4,2,4,1
ST044,female,23,4,Science,Home,Flipped,8.5,6.1,13.1,68.2,80.2,68.2,74.6,80.2,62.3,82.6,Yes,Yes,Yes,4.0,3,3,2,3,4,3,3,4,2,2,2,3
ST045,female,21,3,Business,Home,Blended,6.1,5.4,10.5,64.9,75.4,64.9,67.2,75.4,59.6,45.7,Yes,Yes,Yes,4.0,3,4,4,4,3,4,2,3,5,2,4,2
ST046,male,20,1,Arts,Hostel,Blended,8.7,5.8,11.2,72.2,79.0,72.2,77.6,79.0,61.4,65.7,Yes,Yes,Yes,3.0,3,4,3,3,3,3,4,3,4,2,3,3
ST047,female,23,4,Arts,Rented,Lecture,14.3,6.5,18.5,44.5,43.5,44.5,47.4,43.5,49.5,40.8,No,No,No,4.0,3,3,2,3,2,3,4,4,2,3,2,5
ST048,female,18,1,Science,Home,Lecture,14.3,4.7,14.8,71.8,64.2,71.8,66.8,64.2,52.7,46.3,Yes,Yes,Yes,3.0,4,5,4,4,5,4,2,3,4,3,3,3
ST049,female,18,2,Business,Rented,Flipped,2.6,6.0,14.0,44.6,50.5,44.6,45.5,50.5,42.1,60.3,No,No,Yes,4.0,1,2,3,3,3,3,4,4,2,4,2,3
ST050,male,21,2,Arts,Hostel,Flipped,12.7,5.0,12.8,80.3,80.1,80.3,84.3,80.1,,91.2,Yes,Yes,Yes,5.0,4,4,3,4,3,3,3,2,3,2,3,4
ST051,female,20,2,Arts,Home,Lecture,5.3,6.9,12.2,54.9,59.0,54.9,57.3,59.0,,43.0,Yes,Yes,Yes,2.0,5,3,5,3,4,2,3,3,3,3,3,4
ST052,female,21,1,Business,Home,Lecture,1.9,6.4,,57.5,64.5,57.5,62.2,64.5,38.6,44.2,No,Yes,Yes,3.0,2,3,2,2,3,3,5,4,2,5,2,5
ST053,female,20,2,Arts,Home,Flipped,4.8,7.5,11.5,49.7,60.6,49.7,53.8,60.6,54.3,41.6,Yes,No,Yes,3.0,3,3,3,2,4,2,3,3,3,3,4,4
ST054,female,21,3,Science,Hostel,Lecture,4.0,4.9,16.8,70.9,70.0,70.9,69.0,70.0,45.5,56.6,No,Yes,Yes,2.0,1,1,2,1,2,2,5,4,2,4,2,3
ST055,female,19,2,Science,Rented,Flipped,8.0,7.5,19.5,54.0,50.7,54.0,54.7,50.7,57.2,63.4,Yes,Yes,Yes,4.0,4,2,2,3,4,2,4,5,1,4,1,3
ST056,male,20,3,Arts,Home,Blended,8.2,7.5,9.5,49.9,62.9,49.9,53.1,62.9,57.9,62.8,Yes,No,Yes,4.0,4,5,4,4,3,3,1,2,4,2,4,2
ST057,female,20,2,Business,Home,Blended,3.3,7.9,11.6,72.5,75.3,72.5,75.3,75.3,54.6,35.6,Yes,Yes,Yes,2.0,4,4,4,3,3,5,3,2,3,2,5,2
ST058,male,18,1,Science,Hostel,Lecture,4.1,6.7,15.8,59.8,60.1,59.8,59.8,60.1,41.5,52.8,No,Yes,Yes,,4,4,4,4,4,3,4,4,3,3,4,3
ST059,male,20,2,Science,Hostel,Flipped,9.1,7.9,12.6,58.0,58.5,58.0,57.9,58.5,63.0,48.8,Yes,Yes,Yes,4.0,5,5,4,4,4,5,2,3,3,3,3,2
ST060,female,21,4,Business,Home,Flipped,2.3,5.8,13.1,50.3,63.1,50.3,54.3,63.1,45.7,61.0,No,Yes,Yes,5.0,3,4,1,3,3,2,2,4,3,3,3,3
ST061,female,21,3,Business,Home,Lecture,6.8,5.2,11.8,51.1,43.2,51.1,48.5,43.2,45.8,72.1,No,Yes,No,3.0,2,3,3,3,4,2,2,2,5,3,3,2
ST062,female,20,1,Business,Rented,Lecture,4.7,7.9,,52.8,48.1,52.8,48.5,48.1,52.1,58.3,Yes,Yes,No,2.0,3,4,4,3,2,4,4,3,3,4,2,2
ST063,female,21,3,Science,Rented,Blended,9.7,7.7,11.8,60.8,55.8,60.8,55.3,55.8,57.8,69.3,Yes,Yes,Yes,5.0,3,3,1,2,2,4,2,2,3,3,3,2
ST064,female,22,4,Science,Rented,Flipped,8.5,6.7,12.2,68.4,74.7,68.4,71.3,74.7,63.4,76.3,Yes,Yes,Yes,2.0,2,2,2,1,2,2,2,3,2,2,3,2
ST065,female,19,1,Science,Home,Blended,3.2,8.4,13.6,67.0,72.9,67.0,72.7,72.9,60.5,86.8,Yes,Yes,Yes,3.0,2,3,3,2,1,2,2,3,4,4,3,3
ST066,female,19,1,Arts,Hostel,Blended,4.9,8.6,11.2,40.0,47.7,40.0,45.0,47.7,47.1,50.1,No,No,No,4.0,3,3,3,2,2,2,3,3,2,3,3,4
ST067,female,18,1,Arts,,Lecture,3.8,6.4,,61.0,60.6,61.0,60.5,60.6,40.4,59.1,No,Yes,Yes,3.0,3,3,3,4,4,2,3,1,3,3,3,2
ST068,female,18,1,Arts,Home,Flipped,9.2,6.6,17.0,60.5,66.3,60.5,61.6,66.3,57.9,65.0,Yes,Yes,Yes,5.0,5,2,3,3,3,4,3,3,3,4,3,4
ST069,male,21,4,Business,Hostel,Lecture,4.2,6.9,13.7,63.6,66.0,63.6,60.4,66.0,48.3,63.2,No,Yes,Yes,3.0,3,3,3,4,2,4,4,2,2,3,3,4
ST070,female,20,2,Arts,Rented,Lecture,5.6,6.7,15.2,69.3,81.2,69.3,79.1,81.2,59.1,58.6,Yes,Yes,Yes,3.0,2,2,2,2,1,2,4,4,2,4,2,3
ST071,female,21,4,Arts,Home,Lecture,11.5,6.0,15.4,56.2,53.5,56.2,57.9,53.5,55.3,41.2,Yes,Yes,Yes,1.0,2,1,4,2,2,1,3,4,3,3,3,3
ST072,female,21,4,Business,Hostel,Blended,5.4,7.3,13.0,39.8,61.4,39.8,51.3,61.4,56.4,49.9,Yes,No,Yes,3.0,3,3,3,3,3,3,3,3,3,3,3,3
ST073,male,19,2,Arts,Home,Blended,6.1,6.8,13.9,72.2,83.9,72.2,74.3,83.9,56.3,54.7,Yes,Yes,Yes,2.0,5,4,4,4,5,4,2,3,4,3,4,2
ST074,female,20,3,Business,Home,Blended,5.1,7.5,12.4,57.9,62.5,57.9,56.1,62.5,53.6,51.6,Yes,Yes,Yes,3.0,3,3,2,4,3,3,3,2,3,3,4,2
ST075,male,20,1,Science,Hostel,Lecture,9.4,7.4,13.5,50.9,57.1,50.9,55.8,57.1,46.1,34.6,No,Yes,Yes,1.0,3,4,3,4,3,4,3,4,3,2,4,2
ST076,male,21,2,Business,Hostel,Lecture,7.2,7.6,17.3,66.4,66.8,66.4,66.8,66.8,50.1,67.3,Yes,Yes,Yes,3.0,4,3,4,5,5,4,3,3,2,4,3,4
ST077,female,17,1,Arts,Hostel,Blended,2.3,5.5,16.8,57.2,66.7,57.2,57.1,66.7,51.7,80.0,Yes,Yes,Yes,4.0,3,4,2,2,2,3,4,3,2,4,2,3
ST078,female,18,1,Science,Home,Lecture,10.4,6.7,11.9,69.0,73.7,69.0,71.2,73.7,66.0,56.7,Yes,Yes,Yes,3.0,3,4,2,2,3,3,3,2,3,3,3,2
ST079,female,22,4,Science,Home,Blended,3.7,7.4,13.5,62.5,65.6,62.5,63.0,65.6,56.1,80.5,Yes,Yes,Yes,4.0,4,3,2,4,3,3,3,3,3,4,3,3
ST080,female,20,2,Science,Home,Blended,6.3,,14.0,86.8,100.0,86.8,95.8,100.0,66.1,64.2,Yes,Yes,Yes,4.0,2,4,2,2,2,2,3,4,2,3,2,4
ST081,male,22,4,Arts,Home,Blended,3.4,5.7,11.1,75.7,74.7,75.7,79.9,74.7,48.0,72.1,No,Yes,Yes,3.0,5,4,3,5,3,4,2,1,5,2,5,2
ST082,female,21,3,Science,Rented,Blended,8.7,6.0,18.2,56.8,57.2,56.8,57.5,57.2,54.3,74.3,Yes,Yes,Yes,3.0,3,2,2,2,2,3,4,4,2,5,3,2
ST083,female,20,2,Science,Home,Lecture,8.5,4.9,15.2,56.8,57.6,56.8,59.3,57.6,55.3,71.1,Yes,Yes,Yes,4.0,4,4,3,3,3,3,3,2,1,3,3,2
ST084,female,19,1,Arts,Home,Flipped,4.0,,14.9,56.9,53.6,56.9,58.0,53.6,36.5,57.6,No,Yes,Yes,3.0,4,2,3,1,4,3,3,5,2,5,3,3
ST085,male,19,1,Science,Rented,Lecture,3.9,7.6,17.4,60.7,56.9,60.7,57.7,56.9,43.8,63.9,No,Yes,Yes,,4,4,3,3,2,3,5,3,4,4,2,3
ST086,male,17,1,Arts,Hostel,Blended,6.2,7.9,9.3,63.8,72.5,63.8,70.7,72.5,51.3,47.4,Yes,Yes,Yes,3.0,4,4,4,4,4,3,2,1,5,3,3,1
ST087,male,19,2,Business,Rented,Flipped,2.4,6.8,14.2,46.8,63.4,46.8,59.7,63.4,39.4,55.5,No,No,Yes,,3,3,3,3,2,3,5,2,3,2,4,3
ST088,female,20,2,Business,Home,Lecture,5.1,6.4,12.7,77.9,87.8,77.9,77.0,87.8,51.7,44.8,Yes,Yes,Yes,1.0,4,2,4,3,3,3,2,3,3,3,3,3
ST089,male,19,2,Business,Rented,Lecture,9.4,8.1,,71.0,80.4,71.0,77.3,80.4,70.8,64.8,Yes,Yes,Yes,4.0,3,3,5,3,3,4,2,4,3,3,4,4
ST090,male,21,3,Business,Home,Flipped,3.7,6.0,13.1,51.1,57.1,51.1,55.9,57.1,48.4,74.5,No,Yes,Yes,3.0,4,3,3,3,2,3,3,2,3,3,4,1
ST091,female,21,3,Business,Home,Lecture,5.4,7.0,11.6,58.6,50.1,58.6,54.7,50.1,47.0,62.9,No,Yes,Yes,3.0,2,3,2,2,5,2,3,4,3,3,3,5
ST092,male,19,3,Business,Home,Blended,5.4,7.9,10.5,57.2,69.9,57.2,61.2,69.9,57.9,59.8,Yes,Yes,Yes,2.0,2,2,3,2,2,2,3,2,4,2,4,2
ST093,female,19,1,Business,Home,Lecture,7.5,6.1,12.4,48.6,44.2,48.6,43.5,44.2,44.1,53.2,No,No,No,2.0,5,4,4,3,4,3,2,2,2,3,2,4
ST094,female,20,3,Business,Hostel,Blended,3.4,6.0,13.6,79.3,80.6,79.3,79.2,80.6,,70.4,Yes,Yes,Yes,,2,3,2,2,2,2,4,4,2,5,2,4
ST095,female,20,1,Science,Hostel,Blended,6.1,5.8,13.5,64.2,59.1,64.2,62.8,59.1,45.7,43.5,No,Yes,Yes,4.0,3,3,3,3,3,2,4,4,3,4,2,4
ST096,male,24,4,Science,Home,Lecture,6.5,9.1,12.8,60.2,66.8,60.2,62.7,66.8,54.2,65.9,Yes,Yes,Yes,4.0,3,2,3,2,2,3,2,2,3,2,2,3
ST097,female,19,2,Science,Hostel,Blended,11.3,5.5,,60.4,73.0,60.4,70.4,73.0,76.9,86.2,Yes,Yes,Yes,3.0,3,3,3,4,3,4,2,2,4,3,4,3
ST098,female,22,4,Business,Rented,Lecture,4.0,6.1,12.0,61.9,66.8,61.9,60.4,66.8,43.2,53.7,No,Yes,Yes,4.0,3,3,3,4,3,3,1,2,5,2,5,2
ST099,female,22,3,Arts,Home,Lecture,1.6,5.2,16.5,61.6,65.7,61.6,63.7,65.7,35.8,41.3,No,Yes,Yes,3.0,1,1,1,1,2,1,4,4,2,5,3,4
ST100,female,21,4,Business,Home,Flipped,8.2,4.9,,58.7,80.1,58.7,71.3,80.1,61.2,70.9,Yes,Yes,Yes,3.0,3,4,3,4,3,4,4,5,2,4,2,4
ST101,female,20,3,Science,Home,Lecture,8.1,7.0,11.7,52.1,67.4,52.1,60.6,67.4,59.6,79.0,Yes,Yes,Yes,3.0,2,1,1,2,3,1,2,1,4,2,4,2
ST102,female,21,4,Business,Home,Blended,4.8,8.2,9.8,50.4,51.3,50.4,43.4,51.3,49.1,62.5,No,Yes,Yes,4.0,2,2,3,3,2,2,2,2,4,4,4,2
ST103,male,19,1,Business,Hostel,Blended,11.0,4.7,24.5,55.9,67.8,55.9,60.2,67.8,69.5,79.9,Yes,Yes,Yes,2.0,3,2,3,4,2,2,4,5,2,5,1,5
ST104,male,20,2,Business,Rented,Blended,5.6,6.9,16.6,43.0,37.1,43.0,43.5,37.1,34.7,46.4,No,No,No,3.0,3,3,4,4,3,3,3,2,2,3,1,4
ST105,male,18,1,Arts,Home,Lecture,5.7,6.6,14.9,50.3,57.8,50.3,55.2,57.8,49.1,67.4,No,Yes,Yes,3.0,2,2,3,3,3,4,3,2,2,4,1,4
ST106,female,21,2,Business,Hostel,Blended,5.7,6.1,11.3,60.6,76.2,60.6,68.2,76.2,66.6,77.4,Yes,Yes,Yes,3.0,5,3,4,3,4,5,3,2,3,2,5,2
ST107,female,21,4,Science,Home,Lecture,5.5,8.4,8.7,58.2,63.8,58.2,61.6,63.8,65.1,60.4,Yes,Yes,Yes,3.0,3,3,3,3,2,4,2,2,5,2,4,3
ST108,male,22,3,Science,Home,Lecture,7.4,5.3,14.3,38.8,29.7,38.8,31.3,29.7,29.0,41.3,No,No,No,2.0,3,2,4,3,2,2,4,4,2,4,3,3
ST109,male,20,2,Science,Home,Flipped,9.8,6.0,15.5,67.2,69.2,67.2,71.4,69.2,57.6,64.8,Yes,Yes,Yes,4.0,3,3,3,3,3,3,3,3,3,3,3,3
ST110,male,22,4,Business,Home,Lecture,6.0,7.8,12.5,83.6,87.0,83.6,86.2,87.0,61.7,70.0,Yes,Yes,Yes,2.0,3,2,2,1,4,2,3,4,3,4,3,3
ST111,male,21,2,Business,Home,Blended,8.9,6.4,22.9,66.0,69.1,66.0,71.5,69.1,46.8,71.2,No,Yes,Yes,3.0,4,3,3,4,4,4,5,5,3,5,2,4
ST112,male,21,4,Arts,Rented,Blended,3.5,6.2,20.1,53.2,54.7,53.2,50.9,54.7,41.9,60.1,No,Yes,Yes,2.0,2,2,2,4,2,3,5,5,2,3,1,4
ST113,male,21,3,Science,Rented,Lecture,5.8,6.6,14.0,59.0,65.1,59.0,65.8,65.1,54.1,53.4,Yes,Yes,Yes,2.0,2,3,3,3,4,3,1,3,3,2,4,3
ST114,male,22,4,Arts,Home,Flipped,52.5,3.8,15.7,63.0,63.8,63.0,66.4,63.8,38.0,52.4,No,Yes,Yes,4.0,1,2,1,2,2,1,4,4,1,3,1,4
ST115,female,19,1,Business,Rented,Blended,7.4,6.1,15.2,62.5,69.3,62.5,63.2,69.3,62.0,55.4,Yes,Yes,Yes,3.0,4,4,5,4,3,3,2,3,3,2,3,3
ST116,male,22,2,Business,Home,Lecture,5.2,6.8,12.4,47.2,58.0,47.2,55.2,58.0,42.5,50.8,No,No,Yes,1.0,3,4,4,3,3,2,2,2,3,2,3,3
ST117,female,21,3,Business,Home,Flipped,6.8,6.2,11.9,69.5,71.4,69.5,70.6,71.4,61.4,54.7,Yes,Yes,Yes,,4,5,4,5,4,5,2,2,5,1,3,2
ST118,female,20,2,Science,Home,Flipped,6.6,5.3,15.0,81.7,86.7,81.7,81.2,86.7,55.4,66.8,Yes,Yes,Yes,3.0,4,5,4,4,4,3,3,4,3,3,3,4
ST119,female,20,3,Science,Hostel,Lecture,5.9,7.9,13.7,59.1,57.7,59.1,59.8,57.7,55.8,47.2,Yes,Yes,Yes,1.0,3,3,3,3,3,3,3,3,3,3,3,3
ST120,female,21,4,Business,Home,Flipped,5.8,7.7,9.6,63.0,64.5,63.0,62.6,64.5,49.8,60.4,No,Yes,Yes,3.0,5,3,4,3,3,3,1,2,4,2,5,2
ST121,female,21,3,Business,Rented,Flipped,11.5,4.6,16.0,59.4,69.7,59.4,60.6,69.7,61.7,76.6,Yes,Yes,Yes,1.0,3,3,2,4,3,3,4,4,3,5,2,5
ST122,female,18,1,Science,Home,Flipped,49.0,6.1,12.8,54.4,65.5,54.4,60.8,65.5,66.6,63.3,Yes,Yes,Yes,4.0,5,4,5,5,4,4,4,3,4,2,4,5
ST123,male,20,1,Science,Hostel,Blended,4.6,7.5,10.6,54.1,55.0,54.1,54.1,55.0,42.8,41.2,No,Yes,Yes,1.0,3,5,5,5,3,4,2,2,4,2,5,3
ST124,male,18,1,Business,Home,Blended,8.2,7.3,,65.3,72.5,65.3,70.0,72.5,59.7,58.6,Yes,Yes,Yes,3.0,2,3,2,3,2,3,3,4,3,3,3,3
ST125,female,21,3,Business,Rented,Blended,4.8,5.0,16.9,57.1,62.2,57.1,58.2,62.2,51.9,59.2,Yes,Yes,Yes,5.0,2,3,2,2,4,2,4,3,1,3,2,4
ST126,male,22,4,Science,Hostel,Lecture,10.8,5.6,10.5,49.8,55.5,49.8,52.4,55.5,52.6,46.1,Yes,No,Yes,2.0,3,2,3,2,2,2,2,2,3,2,5,2
ST127,female,20,2,Arts,Home,Blended,2.7,,11.5,51.4,58.8,51.4,51.3,58.8,56.0,57.2,Yes,Yes,Yes,4.0,4,3,5,3,3,3,3,4,3,2,3,3
ST128,male,19,1,Business,Home,Lecture,7.5,5.0,11.8,45.0,66.6,45.0,50.6,66.6,47.1,50.6,No,No,Yes,2.0,2,1,2,3,3,3,4,3,2,5,2,3
ST129,female,24,4,Business,Hostel,Flipped,4.8,6.4,13.4,42.1,52.6,42.1,47.8,52.6,52.5,61.7,Yes,No,Yes,3.0,4,4,4,5,4,5,4,3,3,3,4,2
ST130,female,21,3,Science,Rented,Blended,10.0,6.6,16.0,72.8,83.7,72.8,78.3,83.7,67.2,61.0,Yes,Yes,Yes,5.0,2,4,2,3,4,1,4,3,2,3,3,4
ST131,male,19,1,Business,Hostel,Blended,8.4,6.6,11.6,72.1,79.1,72.1,72.1,79.1,60.9,77.8,Yes,Yes,Yes,,3,3,3,4,3,3,2,3,4,2,3,2
ST132,male,20,1,Science,Home,Blended,8.7,5.9,13.2,61.8,61.4,61.8,62.8,61.4,51.2,64.0,Yes,Yes,Yes,2.0,4,4,3,4,4,2,3,3,4,3,4,3
ST133,female,20,4,Arts,Rented,Lecture,4.9,6.3,13.9,77.3,83.8,77.3,83.2,83.8,63.3,65.6,Yes,Yes,Yes,3.0,4,3,3,3,3,3,2,4,3,4,3,3
ST134,female,21,3,Science,Hostel,Lecture,7.2,6.4,13.3,63.0,63.4,63.0,57.2,63.4,64.1,60.0,Yes,Yes,Yes,3.0,1,1,2,1,1,2,3,3,2,4,2,4
ST135,male,21,2,Science,Rented,Blended,4.6,7.2,14.3,69.0,69.8,69.0,72.1,69.8,56.8,52.0,Yes,Yes,Yes,2.0,3,3,4,3,2,3,4,3,1,4,3,3
ST136,male,20,2,Science,Home,Flipped,10.0,7.1,14.0,42.8,54.5,42.8,48.0,54.5,50.3,74.5,Yes,No,Yes,3.0,4,5,3,4,3,4,3,5,2,3,2,2
ST137,male,21,3,Business,Hostel,Lecture,2.5,3.5,21.8,59.1,58.2,59.1,56.1,58.2,39.7,46.2,No,Yes,Yes,3.0,2,2,3,2,3,3,5,4,1,5,1,4
ST138,male,19,1,Business,Home,Flipped,7.5,6.4,10.9,61.8,71.8,61.8,67.8,71.8,50.3,49.4,Yes,Yes,Yes,4.0,4,5,5,3,4,5,3,2,4,3,5,2
ST139,male,20,2,Science,Home,Flipped,3.2,7.0,9.3,61.8,66.7,61.8,65.8,66.7,50.3,51.1,Yes,Yes,Yes,,4,3,3,1,4,3,2,3,5,2,4,2
ST140,female,22,4,Arts,Home,Flipped,5.0,,11.5,53.5,66.4,53.5,60.0,66.4,51.6,52.2,Yes,Yes,Yes,4.0,2,4,3,2,2,3,3,2,4,3,4,2
ST141,female,19,1,Business,Home,Blended,7.6,5.6,12.3,70.5,84.0,70.5,76.0,84.0,67.6,68.5,Yes,Yes,Yes,3.0,3,3,3,4,3,3,3,3,2,2,4,2
ST142,male,18,1,Arts,Home,Lecture,7.9,6.9,11.7,52.3,61.0,52.3,55.6,61.0,43.9,55.9,No,Yes,Yes,3.0,3,2,2,2,3,2,2,3,3,3,3,2
ST143,female,19,1,Business,Home,Lecture,8.9,7.7,13.0,75.6,92.1,75.6,84.7,92.1,80.1,56.6,Yes,Yes,Yes,3.0,3,4,4,3,3,4,2,3,3,2,4,4
ST144,female,20,2,Business,Home,Flipped,3.3,4.5,14.3,81.5,90.3,81.5,86.7,90.3,,60.0,No,Yes,Yes,4.0,2,3,3,4,3,3,3,4,3,2,2,3
ST145,female,20,3,Arts,Home,Lecture,14.8,8.0,14.1,70.8,81.8,70.8,76.6,81.8,71.5,59.1,Yes,Yes,Yes,3.0,4,4,3,5,3,5,3,3,3,2,3,3
ST146,female,21,4,Arts,Home,Lecture,7.8,5.8,11.5,68.0,85.4,68.0,78.7,85.4,66.6,62.6,Yes,Yes,Yes,3.0,1,1,1,2,2,1,2,4,3,2,4,2
ST147,male,20,2,Science,Hostel,Flipped,12.0,7.7,,62.6,78.1,62.6,64.5,78.1,74.3,99.2,Yes,Yes,Yes,4.0,3,3,4,4,5,3,1,1,5,1,4,2
ST148,male,22,3,Arts,Home,Flipped,5.1,6.6,14.1,49.8,57.6,49.8,57.5,57.6,46.8,62.9,No,No,Yes,3.0,2,3,2,4,3,4,3,3,3,3,3,3
ST149,male,20,1,Arts,Hostel,Blended,4.2,6.2,12.7,55.1,63.7,55.1,60.7,63.7,49.1,46.9,No,Yes,Yes,3.0,2,2,3,1,2,2,4,5,2,4,2,3
ST150,female,21,3,Business,Hostel,Flipped,6.7,9.7,9.8,46.9,57.1,46.9,48.8,57.1,68.5,89.6,Yes,No,Yes,3.0,3,2,3,3,2,3,1,1,4,1,5,1
ST151,female,21,2,Science,Home,Flipped,8.4,5.6,13.6,60.2,73.7,60.2,67.6,73.7,57.3,46.0,Yes,Yes,Yes,4.0,3,2,4,3,3,3,3,3,2,2,3,3
ST152,female,21,4,Business,Home,Lecture,11.7,6.7,10.6,95.0,95.6,95.0,94.9,95.6,75.8,61.4,Yes,Yes,Yes,,2,1,3,2,2,1,2,1,4,2,3,1
ST153,male,22,4,Business,Home,Lecture,5.3,7.6,13.6,64.2,70.5,64.2,64.0,70.5,57.5,52.0,Yes,Yes,Yes,2.0,4,3,4,3,3,4,4,3,3,3,3,4
ST154,female,18,1,Business,Hostel,Blended,6.6,8.7,11.3,57.2,65.1,57.2,58.0,65.1,68.0,63.4,Yes,Yes,Yes,4.0,3,2,2,3,2,2,2,2,4,3,5,2
ST155,female,22,4,Business,Home,Flipped,2.9,9.0,13.0,51.2,63.0,51.2,55.2,63.0,54.9,39.0,Yes,Yes,Yes,3.0,2,3,3,1,2,1,3,3,2,3,3,3
ST156,female,20,1,Business,Hostel,Flipped,11.0,7.7,13.8,57.0,60.5,57.0,60.6,60.5,53.6,59.3,Yes,Yes,Yes,4.0,2,3,3,3,3,4,3,3,2,3,3,3
ST157,female,18,1,Science,Home,Flipped,7.8,5.8,15.8,56.5,57.5,56.5,56.7,57.5,54.7,83.5,Yes,Yes,Yes,3.0,4,3,5,4,4,5,3,3,3,4,3,3
ST158,male,19,2,Science,Rented,Flipped,4.9,7.6,10.0,36.5,49.3,36.5,42.2,49.3,42.7,47.7,No,No,No,2.0,3,5,4,4,3,3,2,2,4,1,4,1
ST159,male,20,2,Business,Home,Flipped,7.6,5.9,13.2,65.6,77.9,65.6,67.8,77.9,55.9,88.9,Yes,Yes,Yes,4.0,3,3,4,1,3,1,3,2,3,4,3,3
ST160,female,18,1,Arts,Hostel,Flipped,5.5,6.0,15.5,89.1,100.0,89.1,98.1,100.0,68.3,87.4,Yes,Yes,Yes,3.0,1,2,2,1,1,3,4,5,1,4,2,3
ST161,female,22,4,Science,Home,Blended,4.2,8.3,11.8,59.5,69.3,59.5,62.9,69.3,60.4,60.9,Yes,Yes,Yes,4.0,3,2,2,3,3,3,2,3,3,3,5,1
ST162,female,17,1,Arts,Rented,Lecture,7.9,6.6,11.5,45.1,52.3,45.1,43.5,52.3,56.3,67.5,Yes,No,Yes,3.0,4,4,3,4,3,4,2,4,4,3,4,3
ST163,female,21,2,Science,Home,Blended,8.3,5.3,13.3,62.4,68.2,62.4,65.7,68.2,55.0,38.2,Yes,Yes,Yes,2.0,3,3,3,2,4,2,3,4,2,3,3,3
ST164,female,21,4,Business,Hostel,Lecture,10.7,6.8,15.6,78.1,80.9,78.1,80.8,80.9,67.8,47.8,Yes,Yes,Yes,2.0,3,2,3,3,3,2,4,2,2,3,2,4
ST165,female,20,3,Business,Rented,Lecture,3.4,5.3,12.6,59.9,63.2,59.9,62.5,63.2,48.3,63.2,No,Yes,Yes,3.0,3,4,4,4,3,3,3,4,3,3,3,4
ST166,female,18,2,Science,Rented,Flipped,6.5,6.6,14.1,54.3,66.6,54.3,55.6,66.6,55.5,58.7,Yes,Yes,Yes,4.0,4,4,4,4,4,3,3,2,2,3,3,2
ST167,male,19,1,Science,Hostel,Flipped,6.6,5.4,11.5,65.3,75.6,65.3,69.0,75.6,48.2,67.0,No,Yes,Yes,5.0,3,4,4,3,5,3,2,3,3,2,3,2
ST168,female,19,2,Arts,Home,Flipped,7.1,7.3,15.7,76.0,83.0,76.0,84.5,83.0,67.2,76.8,Yes,Yes,Yes,2.0,2,4,2,2,3,2,4,4,1,3,2,5
ST169,female,21,3,Business,Rented,Flipped,5.6,6.4,12.9,63.0,76.0,63.0,67.0,76.0,58.0,63.6,Yes,Yes,Yes,4.0,3,3,2,3,3,3,3,4,3,4,3,3
ST170,female,21,3,Business,Hostel,Flipped,4.6,6.7,15.6,75.1,88.2,75.1,82.3,88.2,61.9,66.8,Yes,Yes,Yes,4.0,3,2,3,3,2,2,3,3,3,3,3,3
ST171,female,22,4,Arts,Hostel,Lecture,7.2,6.8,14.6,57.1,64.6,57.1,61.3,64.6,52.1,52.2,Yes,Yes,Yes,2.0,4,4,4,3,4,3,3,3,3,4,4,4
ST172,female,19,2,Science,Home,Flipped,9.4,3.9,24.9,48.2,53.6,48.2,56.8,53.6,48.1,64.4,No,No,Yes,2.0,3,3,3,3,3,3,3,3,3,3,3,3
ST173,female,18,1,Business,Home,Blended,6.2,8.0,14.8,58.2,59.5,58.2,59.3,59.5,57.4,51.7,Yes,Yes,Yes,3.0,2,3,2,2,2,1,3,4,3,3,3,3
ST174,female,21,3,Business,Hostel,Blended,11.3,7.1,11.0,61.3,60.1,61.3,61.3,60.1,70.1,61.5,Yes,Yes,Yes,3.0,4,5,5,4,5,4,2,2,5,1,5,2
ST175,female,19,2,Business,Home,Blended,10.5,7.6,15.9,63.3,73.4,63.3,73.0,73.4,63.0,56.6,Yes,Yes,Yes,2.0,2,2,2,2,4,2,4,4,3,2,2,4
ST176,male,19,2,Business,Hostel,Lecture,8.1,9.8,9.2,64.2,70.0,64.2,62.5,70.0,59.4,54.0,Yes,Yes,Yes,3.0,4,4,4,5,5,5,1,2,5,1,5,1
ST177,male,21,4,Business,Home,Flipped,1.6,7.9,11.7,72.0,91.9,72.0,78.5,91.9,66.0,71.6,Yes,Yes,Yes,3.0,2,4,4,3,3,3,2,3,3,4,3,3
ST178,female,20,2,Business,Rented,Flipped,5.5,5.9,12.4,68.4,90.3,68.4,77.8,90.3,56.7,60.7,Yes,Yes,Yes,3.0,1,1,2,1,1,1,4,4,3,3,2,3
ST179,male,17,1,Science,Hostel,Lecture,3.4,,14.7,74.9,61.3,74.9,63.8,61.3,49.7,59.7,No,Yes,Yes,3.0,2,2,4,2,2,2,3,3,2,3,3,3
ST180,female,21,3,Arts,Hostel,Lecture,6.9,7.0,10.1,42.5,43.0,42.5,44.1,43.0,47.3,62.5,No,No,No,5.0,1,2,2,2,2,1,2,3,3,3,3,4
ST181,female,22,2,Arts,Home,Lecture,1.6,6.5,13.2,57.6,62.6,57.6,64.3,62.6,45.4,42.4,No,Yes,Yes,2.0,4,3,3,4,4,3,4,3,3,3,3,4
ST182,male,18,1,Arts,Rented,Flipped,14.0,6.5,21.1,90.7,100.0,90.7,94.2,100.0,75.1,64.3,Yes,Yes,Yes,5.0,2,2,3,3,3,2,4,4,2,4,2,5
ST183,female,21,4,Science,Hostel,Lecture,11.1,7.3,11.3,70.7,79.3,70.7,77.2,79.3,68.4,62.7,Yes,Yes,Yes,1.0,2,3,3,2,3,3,3,3,3,2,4,2
ST184,female,20,1,Science,Home,Lecture,2.6,7.3,11.3,30.6,39.8,30.6,33.6,39.8,36.0,59.1,No,No,No,3.0,3,1,4,3,4,4,2,2,3,3,4,3
ST185,male,19,1,Business,Home,Flipped,8.7,6.3,9.6,71.0,78.8,71.0,78.8,78.8,51.4,64.0,Yes,Yes,Yes,4.0,4,3,3,4,4,3,2,2,4,1,4,1
ST186,female,22,3,Arts,Hostel,Lecture,8.2,6.8,15.2,54.4,68.2,54.4,59.9,68.2,51.8,40.5,Yes,Yes,Yes,,3,2,3,3,3,3,3,4,1,4,2,4
ST187,female,20,3,Arts,Hostel,Lecture,6.8,7.8,9.8,63.0,69.1,63.0,68.2,69.1,52.2,43.4,Yes,Yes,Yes,2.0,5,4,4,3,4,4,2,3,3,4,4,3
ST188,female,20,2,Business,Home,Blended,4.7,4.4,15.5,62.4,63.9,62.4,61.1,63.9,52.7,43.9,Yes,Yes,Yes,3.0,3,4,4,3,3,4,4,4,2,4,3,4
ST189,male,22,4,Science,Home,Flipped,8.7,6.7,11.2,61.6,67.8,61.6,57.1,67.8,59.5,79.7,Yes,Yes,Yes,3.0,5,5,5,5,4,5,2,2,4,2,5,3
ST190,female,22,4,Arts,Home,Lecture,9.6,8.0,17.9,49.7,58.2,49.7,54.1,58.2,53.0,64.4,Yes,No,Yes,1.0,2,3,1,1,1,2,4,5,1,4,2,5
ST191,male,20,1,Science,Home,Flipped,6.3,6.1,15.6,58.1,75.2,58.1,61.5,75.2,67.1,75.6,Yes,Yes,Yes,3.0,2,3,3,4,4,3,4,4,3,3,3,3
ST192,male,18,1,Business,Home,Blended,4.7,,14.2,38.9,51.8,38.9,48.4,51.8,31.9,51.6,No,No,Yes,4.0,3,3,3,3,4,3,3,3,3,4,3,3
ST193,female,19,1,Arts,Hostel,Blended,5.6,6.5,13.7,51.8,54.6,51.8,54.9,54.6,51.8,46.2,Yes,Yes,Yes,4.0,4,4,4,4,4,4,2,3,3,3,3,3
ST194,female,22,4,Arts,Rented,Blended,12.8,6.1,13.7,72.2,85.4,72.2,77.1,85.4,77.8,78.8,Yes,Yes,Yes,4.0,1,1,2,1,2,1,3,4,2,3,1,3
ST195,male,19,2,Science,Hostel,Blended,4.4,6.6,14.0,34.4,41.0,34.4,36.6,41.0,34.6,38.2,No,No,No,4.0,4,3,3,3,3,3,3,4,3,4,4,4
ST196,female,21,3,Science,Hostel,Flipped,9.3,6.3,11.1,73.9,76.9,73.9,70.6,76.9,73.3,81.4,Yes,Yes,Yes,2.0,3,3,4,3,3,3,3,2,3,2,4,2
ST197,male,17,1,Science,Home,Flipped,6.6,5.7,13.9,75.9,87.3,75.9,83.7,87.3,61.4,73.9,Yes,Yes,Yes,3.0,3,3,2,4,2,4,2,2,2,4,3,3
ST198,female,22,2,Arts,Hostel,Flipped,3.2,7.2,16.5,66.5,77.3,66.5,72.6,77.3,50.9,49.6,Yes,Yes,Yes,3.0,2,3,2,2,3,3,4,4,3,4,2,3
ST199,female,20,3,Science,Hostel,Flipped,9.9,7.5,10.2,25.3,36.9,25.3,31.1,36.9,50.7,60.0,Yes,No,No,2.0,3,3,3,4,4,3,2,2,3,2,4,2
ST200,female,22,4,Science,Home,Blended,5.8,7.1,13.5,73.7,80.6,73.7,77.8,80.6,68.2,57.0,Yes,Yes,Yes,2.0,3,3,3,3,3,5,3,4,3,3,2,3
ST201,female,20,4,Arts,Hostel,Lecture,1.5,8.2,15.1,42.4,50.4,42.4,46.9,50.4,38.2,46.3,No,No,Yes,3.0,3,3,3,4,2,4,4,4,2,4,2,4
ST202,female,21,4,Science,Home,Lecture,12.3,7.2,13.2,45.1,39.8,45.1,37.6,39.8,52.6,54.7,Yes,No,No,1.0,3,3,3,3,3,3,2,3,3,3,2,4
ST203,female,20,2,Arts,Home,Lecture,6.7,8.3,12.7,65.9,67.0,65.9,67.5,67.0,64.1,68.9,Yes,Yes,Yes,2.0,4,2,4,3,3,4,3,4,3,3,3,3
ST204,male,21,3,Business,Home,Flipped,5.1,5.6,13.0,49.5,59.2,49.5,54.6,59.2,46.7,54.6,No,No,Yes,2.0,3,4,4,4,2,3,2,3,3,2,3,3
ST205,female,22,4,Business,Home,Blended,4.9,7.2,13.0,51.9,55.0,51.9,51.5,55.0,47.2,41.9,No,Yes,Yes,2.0,2,1,3,2,2,2,2,2,4,2,4,2
ST206,female,19,1,Business,Home,Flipped,12.9,6.9,16.2,68.5,86.0,68.5,81.3,86.0,74.5,84.4,Yes,Yes,Yes,4.0,4,4,3,4,3,3,3,4,3,2,2,3
ST207,male,19,2,Business,Home,Lecture,7.3,7.8,9.0,61.0,68.7,61.0,65.9,68.7,69.4,55.1,Yes,Yes,Yes,3.0,3,3,2,1,1,2,3,3,4,3,3,4
ST208,female,19,1,Science,Hostel,Blended,3.5,6.1,14.3,50.2,49.7,50.2,52.3,49.7,41.5,48.3,No,Yes,No,2.0,3,2,1,3,4,2,3,3,3,3,3,4
ST209,male,20,1,Business,Home,Flipped,9.7,6.3,8.4,64.7,80.8,64.7,78.9,80.8,62.6,54.8,Yes,Yes,Yes,4.0,4,3,3,4,3,4,1,1,3,1,3,2
ST210,male,21,3,Science,Home,Blended,6.4,5.9,12.3,55.1,72.1,55.1,65.6,72.1,54.0,60.9,Yes,Yes,Yes,4.0,3,4,2,3,3,3,3,3,3,3,3,4
ST211,female,22,3,Business,Home,Blended,2.4,8.0,12.1,60.8,66.5,60.8,63.1,66.5,61.0,76.6,Yes,Yes,Yes,4.0,3,2,3,3,3,2,2,2,3,2,3,3
ST212,male,22,3,Business,Home,Flipped,4.3,7.1,14.1,86.4,100.0,86.4,94.3,100.0,75.0,70.2,Yes,Yes,Yes,5.0,2,2,3,2,3,2,3,4,3,4,2,4
ST213,female,22,4,Business,Hostel,Lecture,8.0,6.7,15.6,57.3,56.3,57.3,51.3,56.3,64.6,53.9,Yes,Yes,Yes,2.0,3,3,4,3,4,2,3,3,3,4,3,3
ST214,female,17,1,Arts,Home,Flipped,2.6,5.6,15.4,62.5,71.4,62.5,66.6,71.4,50.4,65.6,Yes,Yes,Yes,3.0,4,3,5,4,5,3,5,3,3,4,2,4
ST215,male,20,2,Science,Hostel,Flipped,10.2,7.7,14.0,79.9,85.9,79.9,86.1,85.9,68.6,63.1,Yes,Yes,Yes,2.0,3,1,3,2,2,1,4,3,4,3,2,3
ST216,male,20,3,Science,Home,Blended,8.6,6.1,13.2,63.9,68.5,63.9,66.7,68.5,,51.9,Yes,Yes,Yes,4.0,2,3,4,5,3,5,3,3,3,2,5,3
ST217,male,19,1,Business,Home,Flipped,3.1,9.4,13.1,52.9,65.5,52.9,59.4,65.5,63.2,74.7,Yes,Yes,Yes,3.0,2,2,2,1,1,2,3,5,4,3,3,3
ST218,female,21,4,Arts,Hostel,Lecture,4.4,7.2,12.6,56.2,59.3,56.2,57.9,59.3,53.6,55.4,Yes,Yes,Yes,4.0,4,4,4,3,4,3,3,3,2,3,3,2
ST219,female,18,1,Business,Hostel,Flipped,4.1,6.6,13.5,66.6,62.9,66.6,60.5,62.9,54.8,62.8,Yes,Yes,Yes,3.0,3,3,4,3,3,4,3,3,4,2,4,2
ST220,male,23,4,Arts,Home,Flipped,3.2,7.5,,58.9,69.3,58.9,63.8,69.3,51.7,52.3,Yes,Yes,Yes,4.0,2,1,2,1,2,2,4,3,3,2,3,3
ST221,female,18,1,Business,Home,Flipped,4.5,7.6,8.9,67.7,67.7,67.7,70.3,67.7,55.8,82.1,Yes,Yes,Yes,4.0,4,5,5,5,5,5,1,1,5,1,5,2
ST222,male,20,2,Science,Rented,Blended,8.5,7.7,11.0,69.6,73.6,69.6,68.8,73.6,61.9,60.3,Yes,Yes,Yes,1.0,3,4,3,3,3,3,3,3,3,3,2,2
ST223,male,19,1,Business,Hostel,Lecture,3.2,8.6,10.1,53.6,60.7,53.6,61.1,60.7,57.2,48.9,Yes,Yes,Yes,2.0,2,2,3,2,4,2,3,3,4,3,3,4
ST224,female,21,2,Science,Rented,Lecture,5.6,6.2,12.4,36.5,35.4,36.5,30.6,35.4,37.8,61.3,No,No,No,3.0,4,4,4,3,3,2,2,3,4,3,4,2
ST225,female,21,3,Science,Home,Flipped,3.1,5.6,17.8,54.4,67.1,54.4,61.0,67.1,48.1,65.5,No,Yes,Yes,4.0,3,2,2,3,2,4,4,3,2,2,2,4
ST226,male,19,1,Science,Home,Flipped,4.8,7.7,9.1,44.0,46.4,44.0,44.8,46.4,50.0,59.7,No,No,No,4.0,3,3,3,4,3,3,1,2,4,1,4,1
ST227,female,20,3,Science,Home,Flipped,8.0,6.4,9.0,64.8,74.7,64.8,70.4,74.7,56.6,62.2,Yes,Yes,Yes,2.0,2,2,3,1,2,1,2,2,4,2,3,1
ST228,female,22,4,Science,,Blended,4.7,6.6,14.5,66.0,80.3,66.0,75.3,80.3,53.9,69.5,Yes,Yes,Yes,5.0,3,2,3,4,2,3,2,3,4,2,4,2
ST229,female,21,2,Arts,Hostel,Blended,3.8,7.0,15.6,57.2,59.7,57.2,56.2,59.7,45.9,46.2,No,Yes,Yes,3.0,4,3,5,5,5,4,3,3,3,3,4,2
ST230,female,20,1,Business,Rented,Lecture,8.7,5.9,14.4,74.1,80.2,74.1,71.3,80.2,61.1,61.7,Yes,Yes,Yes,1.0,3,3,3,2,3,3,3,4,3,4,2,3
ST231,female,23,4,Arts,Hostel,Blended,8.6,6.5,11.6,57.8,70.5,57.8,66.4,70.5,63.7,56.7,Yes,Yes,Yes,,3,3,3,3,2,2,2,1,3,3,3,4
ST232,female,19,3,Science,Hostel,Blended,11.7,6.2,18.0,65.5,76.0,65.5,70.6,76.0,,71.8,Yes,Yes,Yes,3.0,2,3,2,2,3,2,3,5,2,3,2,3
ST233,male,19,1,Business,Hostel,Blended,6.6,7.2,14.0,60.6,63.8,60.6,64.0,63.8,57.2,61.6,Yes,Yes,Yes,,3,3,3,3,4,3,2,3,3,3,2,3
ST234,female,22,4,Arts,Home,Lecture,2.4,7.1,9.6,50.0,47.3,50.0,47.1,47.3,33.1,39.0,No,No,No,4.0,3,3,4,3,4,4,2,2,3,2,4,2
ST235,female,21,3,Science,Rented,Blended,9.5,5.9,,82.0,90.8,82.0,88.1,90.8,72.7,66.8,Yes,Yes,Yes,3.0,4,4,5,4,4,4,3,4,3,3,3,4
ST236,female,23,3,Business,Home,Lecture,45.0,6.3,18.8,50.3,59.8,50.3,57.1,59.8,52.4,50.0,Yes,Yes,Yes,4.0,2,2,2,2,2,2,5,4,2,5,2,5
ST237,male,20,3,Business,Hostel,Lecture,6.9,4.7,11.4,62.1,69.6,62.1,60.0,69.6,50.7,52.2,Yes,Yes,Yes,4.0,4,4,4,4,4,3,3,2,3,2,4,3
ST238,male,21,2,Arts,Rented,Flipped,17.5,6.0,11.2,45.7,50.6,45.7,39.8,50.6,60.8,69.1,Yes,No,Yes,4.0,4,3,3,2,3,4,2,1,4,3,4,1
ST239,female,19,1,Business,Hostel,Blended,5.9,7.1,10.8,42.4,57.7,42.4,54.8,57.7,55.5,63.6,Yes,No,Yes,3.0,2,2,2,3,4,4,2,2,4,3,3,4
ST240,male,19,1,Business,Home,Lecture,4.1,6.7,11.8,79.8,86.4,79.8,82.8,86.4,62.9,59.5,Yes,Yes,Yes,3.0,4,4,4,5,3,4,3,1,4,4,3,2
ST241,female,18,1,Business,Hostel,Lecture,5.5,6.9,18.3,44.8,36.9,44.8,42.4,36.9,53.3,58.0,Yes,No,No,2.0,2,3,2,3,2,2,4,5,1,4,1,5
ST242,male,20,2,Arts,Hostel,Flipped,0.7,5.3,14.8,56.3,61.3,56.3,56.7,61.3,39.8,58.8,No,Yes,Yes,5.0,4,4,4,5,3,3,3,3,2,3,2,4
ST243,female,19,4,Science,Rented,Blended,14.6,8.0,11.3,73.3,82.9,73.3,75.0,82.9,78.3,74.7,Yes,Yes,Yes,4.0,5,4,4,5,4,3,3,3,4,2,3,2
ST244,female,20,1,Science,Home,Lecture,4.7,7.2,10.5,43.1,34.8,43.1,42.6,34.8,38.8,42.3,No,No,No,3.0,3,3,3,3,3,2,2,2,3,2,4,3
ST245,male,19,1,Science,Home,Flipped,3.6,6.2,18.0,42.3,45.4,42.3,45.2,45.4,34.0,50.0,No,No,No,4.0,3,3,3,3,3,2,4,4,3,3,1,4
ST246,male,22,3,Business,Home,Flipped,7.2,7.2,15.2,45.8,54.3,45.8,51.3,54.3,45.8,58.9,No,No,Yes,5.0,2,3,2,3,3,2,3,4,2,3,2,4
ST247,male,22,4,Science,Home,Blended,8.0,6.2,14.4,49.5,53.3,49.5,50.1,53.3,47.7,67.8,No,No,Yes,3.0,4,5,4,4,3,4,3,3,3,2,2,2
ST248,female,19,1,Business,,Lecture,7.9,5.2,12.7,73.3,85.2,73.3,84.3,85.2,65.2,63.7,Yes,Yes,Yes,2.0,3,2,3,2,4,3,2,1,3,3,4,3
ST249,female,20,4,Business,Hostel,Lecture,5.4,6.7,14.4,39.2,37.5,39.2,40.8,37.5,47.6,60.0,No,No,No,2.0,4,3,3,4,4,3,3,4,3,2,4,3
ST250,female,22,3,Business,Home,Flipped,3.7,6.5,15.4,52.4,57.9,52.4,50.3,57.9,48.6,71.8,No,Yes,Yes,4.0,3,2,2,3,3,2,4,4,3,3,3,3
ST251,female,19,1,Business,Hostel,Lecture,10.2,7.0,14.5,66.2,66.3,66.2,70.0,66.3,78.7,72.4,Yes,Yes,Yes,2.0,3,2,2,1,1,2,3,4,2,5,2,4
ST252,female,20,1,Science,Home,Lecture,11.5,7.1,13.8,56.3,60.5,56.3,62.9,60.5,58.2,61.7,Yes,Yes,Yes,3.0,2,3,2,5,4,4,3,4,3,4,3,2
ST253,male,20,2,Business,Hostel,Lecture,15.7,4.4,13.6,60.3,65.6,60.3,58.3,65.6,51.0,63.2,Yes,Yes,Yes,2.0,2,2,2,4,2,3,4,2,2,3,3,3
ST254,male,20,2,Business,Rented,Lecture,3.0,3.6,14.1,75.7,81.9,75.7,75.7,81.9,50.0,50.6,Yes,Yes,Yes,3.0,3,3,3,2,3,2,3,3,4,3,3,3
ST255,female,20,1,Science,Home,Blended,9.3,6.9,13.0,45.8,55.9,45.8,56.4,55.9,59.6,35.6,Yes,No,Yes,1.0,3,3,3,4,3,4,4,5,2,2,3,3
ST256,female,20,3,Business,Hostel,Blended,5.6,7.8,14.5,58.1,64.3,58.1,59.2,64.3,52.9,53.5,Yes,Yes,Yes,3.0,1,3,3,2,4,2,4,3,3,2,3,3
ST257,female,23,4,Business,Hostel,Lecture,2.4,5.7,13.8,50.5,53.8,50.5,48.1,53.8,52.7,50.6,Yes,Yes,Yes,3.0,3,2,2,3,4,3,4,2,3,2,3,2
ST258,female,20,3,Business,Hostel,Lecture,7.1,6.2,9.6,53.9,60.9,53.9,55.1,60.9,49.4,52.8,No,Yes,Yes,3.0,2,2,2,3,3,2,2,3,4,3,4,3
ST259,male,19,1,Science,Hostel,Lecture,6.2,6.6,13.4,62.4,75.0,62.4,71.2,75.0,62.8,58.8,Yes,Yes,Yes,2.0,3,5,2,2,1,3,2,1,3,2,3,3
ST260,female,21,3,Science,Hostel,Lecture,5.4,6.4,,56.8,54.6,56.8,53.6,54.6,45.7,70.6,No,Yes,Yes,2.0,1,1,1,1,2,1,5,5,2,5,1,5
ST261,male,18,1,Business,Home,Flipped,11.7,5.8,18.0,49.0,59.4,49.0,54.8,59.4,54.3,64.6,Yes,No,Yes,4.0,3,4,2,3,3,2,4,4,2,4,1,4
ST262,female,20,1,Arts,Home,Blended,3.9,7.4,8.5,48.3,51.1,48.3,49.7,51.1,52.0,47.7,Yes,No,Yes,3.0,2,1,2,1,3,2,2,2,5,2,4,2
ST263,male,22,3,Business,Hostel,Lecture,4.0,6.9,10.8,46.7,58.7,46.7,51.7,58.7,42.8,44.9,No,No,Yes,3.0,2,3,2,3,2,2,3,3,4,2,3,3
ST264,male,19,1,Business,Hostel,Lecture,8.5,5.3,12.1,37.8,35.6,37.8,39.4,35.6,43.0,57.4,No,No,No,3.0,3,2,3,3,2,3,3,3,3,2,2,3
ST265,male,20,3,Business,Hostel,Flipped,6.2,8.0,11.2,70.1,79.4,70.1,73.6,79.4,,74.7,Yes,Yes,Yes,3.0,3,2,2,2,2,2,2,2,3,2,2,3
ST266,male,23,4,Science,Home,Blended,7.6,5.7,10.8,56.0,62.7,56.0,63.1,62.7,49.7,51.8,No,Yes,Yes,3.0,2,1,1,3,4,2,3,4,4,4,4,3
ST267,male,20,1,Business,Home,Lecture,2.5,6.9,,64.6,67.7,64.6,66.1,67.7,56.6,46.1,Yes,Yes,Yes,3.0,3,3,2,3,3,3,1,1,4,1,5,2
ST268,male,22,3,Science,Home,Lecture,4.8,7.6,14.9,47.9,56.4,47.9,50.4,56.4,43.1,60.4,No,No,Yes,3.0,4,3,2,3,4,4,4,4,3,4,2,3
ST269,male,21,4,Business,Rented,Flipped,2.4,7.4,13.9,51.0,64.4,51.0,54.2,64.4,,56.8,No,Yes,Yes,,2,2,3,2,4,3,4,3,1,3,2,4
ST270,male,20,2,Business,Home,Flipped,9.6,5.7,16.8,64.3,69.0,64.3,68.0,69.0,50.7,65.6,Yes,Yes,Yes,1.0,5,4,2,4,2,3,5,3,3,3,3,4
ST271,female,20,3,Business,Home,Lecture,4.3,8.1,13.0,74.1,86.0,74.1,78.8,86.0,66.9,58.0,Yes,Yes,Yes,2.0,3,3,3,3,4,3,3,2,5,2,4,2
ST272,female,22,3,Science,Home,Lecture,10.0,6.2,12.4,50.4,52.0,50.4,49.7,52.0,55.2,53.7,Yes,Yes,Yes,3.0,4,4,4,5,5,4,2,2,4,2,5,3
ST273,female,21,2,Arts,Home,Flipped,7.1,7.1,13.2,54.3,72.2,54.3,61.7,72.2,62.8,65.5,Yes,Yes,Yes,3.0,2,2,2,1,3,2,3,3,3,3,4,4
ST274,female,21,3,Science,Hostel,Lecture,3.9,6.2,15.6,65.2,58.9,65.2,63.3,58.9,41.1,56.9,No,Yes,Yes,4.0,3,3,2,4,3,3,3,4,4,4,3,2
ST275,male,21,4,Business,Home,Lecture,6.2,4.0,17.6,66.4,69.3,66.4,65.7,69.3,44.4,32.2,No,Yes,Yes,3.0,3,3,3,3,2,2,4,4,1,5,1,5
ST276,female,22,4,Science,Hostel,Lecture,7.4,6.6,15.2,61.6,65.8,61.6,63.8,65.8,64.5,64.5,Yes,Yes,Yes,2.0,3,3,4,3,2,3,3,4,2,2,2,4
ST277,female,21,4,Business,Home,Flipped,9.3,6.5,10.2,51.4,57.8,51.4,52.2,57.8,53.0,50.3,Yes,Yes,Yes,4.0,4,4,4,4,3,5,2,2,4,3,5,2
ST278,male,20,3,Science,Hostel,Flipped,5.9,5.1,,64.7,78.9,64.7,72.6,78.9,53.0,69.2,Yes,Yes,Yes,5.0,3,3,3,3,3,3,3,3,3,3,3,3
ST279,female,19,1,Business,Rented,Lecture,7.2,7.2,11.5,83.6,86.9,83.6,79.8,86.9,69.1,55.6,Yes,Yes,Yes,4.0,4,4,3,5,4,4,2,3,4,2,4,2
ST280,male,21,2,Business,Home,Lecture,12.8,6.2,12.2,53.5,63.3,53.5,55.0,63.3,60.7,65.2,Yes,Yes,Yes,3.0,4,3,4,4,4,3,2,3,4,3,5,2
ST281,female,21,4,Business,Home,Flipped,3.8,5.9,14.0,60.6,66.7,60.6,63.9,66.7,44.1,73.0,No,Yes,Yes,2.0,2,5,3,3,5,4,3,4,3,4,4,3
ST282,female,20,3,Business,Home,Lecture,8.8,,12.0,72.7,81.7,72.7,78.1,81.7,64.4,64.3,Yes,Yes,Yes,2.0,2,2,3,1,2,3,3,2,4,3,4,3
ST283,male,19,1,Business,Home,Blended,10.6,5.8,14.9,57.1,58.8,57.1,56.7,58.8,55.5,50.6,Yes,Yes,Yes,4.0,3,2,1,2,3,3,4,4,2,3,1,3
ST284,female,21,4,Business,Home,Flipped,3.7,5.6,17.1,57.9,53.6,57.9,53.9,53.6,38.3,65.7,No,Yes,Yes,4.0,4,3,3,3,4,5,4,4,2,3,3,4
ST285,female,21,3,Science,Home,Flipped,9.2,6.7,11.8,50.1,70.4,50.1,62.6,70.4,,66.5,Yes,Yes,Yes,5.0,4,4,4,4,5,3,3,3,3,3,3,2
ST286,female,19,1,Science,Hostel,Blended,6.1,6.5,26.2,51.9,51.9,51.9,49.2,51.9,49.7,57.3,No,Yes,Yes,4.0,2,3,2,4,3,4,5,5,2,5,2,4
ST287,female,21,3,Arts,Home,Lecture,10.3,7.2,,60.8,67.3,60.8,61.7,67.3,69.8,69.8,Yes,Yes,Yes,3.0,3,3,3,2,4,3,3,4,2,3,2,3
ST288,female,20,3,Science,,Lecture,7.4,5.5,15.9,49.2,45.0,49.2,47.6,45.0,41.2,52.5,No,No,No,3.0,4,3,3,4,3,3,2,4,3,3,3,3
ST289,male,19,2,Arts,Home,Blended,7.0,5.6,12.3,78.5,81.5,78.5,74.5,81.5,60.9,52.9,Yes,Yes,Yes,3.0,2,2,1,2,2,1,4,5,3,3,2,3
ST290,female,22,3,Science,Rented,Lecture,7.3,7.6,11.3,53.4,61.9,53.4,55.6,61.9,58.8,85.4,Yes,Yes,Yes,4.0,3,3,1,2,2,2,3,3,3,3,3,3
ST291,female,20,2,Science,Hostel,Flipped,10.3,7.2,9.0,58.2,70.3,58.2,60.5,70.3,60.9,66.1,Yes,Yes,Yes,3.0,3,3,4,3,3,4,1,1,3,1,5,1
ST292,male,21,3,Business,Hostel,Blended,7.2,8.3,10.4,63.5,82.2,63.5,80.0,82.2,56.8,58.6,Yes,Yes,Yes,4.0,5,4,5,4,5,4,4,2,5,2,4,3
ST293,female,22,4,Business,Hostel,Flipped,5.4,6.9,12.3,55.6,60.9,55.6,53.4,60.9,57.0,80.5,Yes,Yes,Yes,4.0,3,3,3,3,3,3,3,3,3,3,3,3
ST294,male,21,2,Arts,Hostel,Flipped,7.4,8.1,18.2,52.1,51.5,52.1,49.8,51.5,54.0,56.1,Yes,Yes,Yes,4.0,3,3,2,3,4,3,4,4,2,3,3,3
ST295,female,21,3,Science,Home,Blended,5.1,6.6,9.3,67.4,65.2,67.4,69.6,65.2,52.0,48.1,Yes,Yes,Yes,3.0,3,3,3,3,4,3,2,1,4,2,4,1
ST296,female,19,1,Arts,Rented,Blended,8.4,7.3,10.4,55.5,63.1,55.5,57.5,63.1,63.5,53.8,Yes,Yes,Yes,,3,5,4,4,3,4,3,4,2,3,2,3
ST297,female,19,2,Science,Rented,Flipped,3.9,7.2,19.3,69.7,73.5,69.7,69.6,73.5,46.5,56.6,No,Yes,Yes,2.0,2,2,2,2,2,3,3,4,1,4,2,5
ST298,male,20,3,Business,Hostel,Lecture,4.6,7.7,12.4,46.3,40.6,46.3,48.1,40.6,46.1,44.9,No,No,No,3.0,3,2,4,4,4,4,2,2,3,1,3,3
ST299,male,20,3,Arts,Hostel,Lecture,3.5,6.7,10.1,71.2,72.3,71.2,70.5,72.3,59.0,61.1,Yes,Yes,Yes,3.0,3,3,3,3,3,3,3,3,3,3,3,3
ST300,female,19,1,Business,Hostel,Lecture,4.4,5.9,10.9,57.3,67.0,57.3,65.5,67.0,57.0,48.4,Yes,Yes,Yes,4.0,5,4,4,4,4,4,1,3,5,1,5,2
ST301,male,21,3,Arts,Home,Blended,3.8,7.1,18.9,62.4,58.8,62.4,61.8,58.8,40.6,66.9,No,Yes,Yes,3.0,4,4,5,4,4,3,3,4,2,3,2,5
ST302,male,21,4,Science,Home,Lecture,3.9,8.8,15.2,83.9,86.0,83.9,88.5,86.0,49.5,60.8,No,Yes,Yes,,3,3,3,2,3,3,3,3,2,3,3,3
ST303,female,17,1,Science,Hostel,Flipped,7.7,5.9,15.4,53.9,65.3,53.9,58.3,65.3,54.8,62.9,Yes,Yes,Yes,4.0,4,4,4,5,4,5,3,3,4,2,3,3
ST304,female,21,3,Arts,Home,Flipped,3.1,4.6,16.2,32.2,31.7,32.2,39.0,31.7,37.1,57.7,No,No,No,2.0,2,3,2,2,3,3,4,5,3,4,1,4
ST305,female,22,4,Arts,Home,Lecture,6.0,7.9,,61.3,73.1,61.3,65.2,73.1,59.4,51.1,Yes,Yes,Yes,2.0,4,5,3,3,5,3,2,2,5,1,5,2
ST306,male,18,1,Arts,Home,Flipped,1.3,7.4,12.5,50.7,65.7,50.7,57.4,65.7,42.5,68.7,No,Yes,Yes,3.0,5,5,5,5,4,5,2,2,4,2,4,2
ST307,female,20,1,Arts,Hostel,Flipped,5.0,4.2,,60.0,70.4,60.0,63.0,70.4,47.3,55.7,No,Yes,Yes,4.0,3,2,3,3,3,3,5,5,1,5,1,5
ST308,male,23,4,Business,Home,Flipped,4.2,7.5,15.0,79.7,88.9,79.7,81.7,88.9,67.8,65.8,Yes,Yes,Yes,5.0,4,3,1,3,2,3,3,2,2,4,4,3
ST309,male,21,4,Science,,Lecture,10.0,7.2,13.1,83.3,87.5,83.3,89.0,87.5,67.3,67.8,Yes,Yes,Yes,2.0,4,4,3,4,4,3,3,2,4,1,4,2
ST310,female,20,3,Business,Rented,Lecture,3.1,9.5,12.6,47.3,51.0,47.3,48.7,51.0,54.5,65.7,Yes,No,Yes,2.0,1,1,2,1,2,3,3,4,2,4,3,4
ST311,female,20,4,Arts,,Lecture,7.7,6.0,17.0,66.7,70.4,66.7,70.7,70.4,49.1,47.2,No,Yes,Yes,4.0,4,5,5,5,5,5,3,2,3,4,3,4
ST312,female,23,4,Science,Rented,Lecture,6.0,7.3,11.5,51.9,66.0,51.9,60.1,66.0,55.2,60.9,Yes,Yes,Yes,3.0,3,3,3,3,3,3,2,1,3,2,4,3
ST313,female,20,3,Business,,Lecture,7.3,8.2,12.4,52.9,61.7,52.9,51.5,61.7,58.1,52.7,Yes,Yes,Yes,2.0,4,4,3,4,3,4,2,2,5,2,5,2
ST314,male,22,4,Science,,Lecture,6.1,4.8,12.0,66.9,78.0,66.9,72.1,78.0,44.4,63.6,No,Yes,Yes,1.0,4,5,3,4,3,4,2,3,4,3,4,3
ST315,male,21,2,Business,Rented,Flipped,6.1,5.3,17.8,50.1,60.4,50.1,58.1,60.4,46.1,46.1,No,Yes,Yes,5.0,3,3,3,3,3,3,3,3,3,3,3,3
ST316,female,19,2,Arts,Rented,Blended,1.5,7.4,,69.6,64.6,69.6,71.9,64.6,47.5,47.4,No,Yes,Yes,3.0,3,3,3,2,2,3,4,3,2,3,3,3
ST317,female,20,1,Business,Home,Blended,7.0,,10.7,59.8,73.1,59.8,62.5,73.1,65.2,74.1,Yes,Yes,Yes,3.0,3,4,3,4,4,3,2,3,5,4,3,3
ST318,male,21,2,Science,Hostel,Flipped,6.9,4.7,15.6,67.2,74.9,67.2,73.3,74.9,45.8,74.1,No,Yes,Yes,5.0,3,3,2,3,4,3,3,2,2,4,2,2
ST319,male,19,1,Business,Hostel,Lecture,9.4,6.9,16.7,82.4,86.9,82.4,87.0,86.9,69.7,80.2,Yes,Yes,Yes,2.0,4,3,2,4,3,3,4,4,3,3,2,3
ST320,female,19,1,Arts,Hostel,Lecture,9.0,8.1,9.1,50.3,56.7,50.3,51.3,56.7,52.7,54.9,Yes,Yes,Yes,2.0,3,4,5,5,4,5,2,1,3,2,3,4
ST321,male,19,2,Business,Hostel,Blended,4.3,7.4,12.6,71.2,72.1,71.2,71.7,72.1,59.1,52.0,Yes,Yes,Yes,2.0,2,2,3,1,2,3,4,2,3,4,2,3
ST322,female,20,2,Science,Rented,Lecture,8.7,6.7,,55.4,58.9,55.4,61.1,58.9,59.8,59.3,Yes,Yes,Yes,3.0,2,3,2,2,2,2,4,2,2,4,3,4
ST323,male,18,1,Business,Hostel,Lecture,7.9,5.0,20.8,45.0,44.6,45.0,44.0,44.6,34.2,41.9,No,No,No,3.0,4,5,4,4,3,4,4,4,2,5,3,5
ST324,female,20,1,Arts,Hostel,Flipped,9.5,,17.7,85.5,77.1,85.5,77.8,77.1,60.7,60.9,Yes,Yes,Yes,4.0,2,2,1,1,4,2,4,4,2,3,1,4
ST325,female,19,1,Science,Home,Blended,7.1,7.2,9.9,62.4,71.9,62.4,62.9,71.9,67.5,56.4,Yes,Yes,Yes,3.0,3,3,3,3,3,3,2,3,4,1,5,1
ST326,male,20,1,Business,Rented,Lecture,5.9,7.6,,39.2,44.1,39.2,37.4,44.1,49.3,59.9,No,No,No,2.0,4,2,3,3,5,4,2,3,4,3,3,2
ST327,female,20,2,Science,Rented,Blended,4.9,7.4,10.7,59.0,65.2,59.0,61.7,65.2,55.5,58.4,Yes,Yes,Yes,4.0,2,2,2,2,2,1,3,2,4,3,5,2
ST328,female,22,3,Arts,Home,Flipped,6.2,7.0,9.0,58.7,65.7,58.7,56.9,65.7,59.4,73.8,Yes,Yes,Yes,3.0,3,2,3,3,3,3,1,1,5,2,4,2
ST329,male,19,1,Business,Home,Flipped,8.5,8.0,10.6,60.4,79.8,60.4,69.3,79.8,65.2,83.5,Yes,Yes,Yes,3.0,5,4,4,4,5,4,2,3,4,3,4,2
ST330,female,22,3,Arts,Home,Lecture,6.4,7.4,12.6,44.5,47.9,44.5,42.3,47.9,41.7,60.5,No,No,No,3.0,2,2,1,1,2,2,4,5,2,4,2,3
ST331,female,19,3,Business,Rented,Flipped,3.5,7.3,12.5,47.5,54.7,47.5,53.5,54.7,41.7,66.4,No,No,Yes,3.0,2,2,2,3,3,4,4,3,3,3,3,3
ST332,female,21,4,Science,Rented,Blended,4.8,7.0,11.6,64.8,82.5,64.8,73.2,82.5,57.8,68.1,Yes,Yes,Yes,4.0,3,2,2,2,3,2,2,3,2,2,3,4
ST333,female,20,3,Business,Hostel,Blended,60.0,5.0,16.6,54.9,70.5,54.9,58.5,70.5,65.7,53.5,Yes,Yes,Yes,3.0,3,4,3,2,4,3,4,4,3,3,2,4
ST334,female,22,4,Business,Home,Lecture,5.5,7.4,10.9,28.2,32.8,28.2,27.9,32.8,48.8,41.2,No,No,No,,2,3,3,3,3,3,2,3,4,3,4,2
ST335,male,20,2,Science,Hostel,Lecture,5.2,7.8,11.9,37.6,36.2,37.6,38.2,36.2,40.0,41.2,No,No,No,3.0,4,3,3,2,3,2,3,2,5,2,3,3
ST336,male,20,3,Business,Hostel,Blended,10.5,5.4,9.4,74.9,83.8,74.9,84.1,83.8,71.1,57.0,Yes,Yes,Yes,2.0,3,4,3,4,3,3,1,1,5,3,4,3
ST337,female,19,2,Arts,Home,Lecture,16.0,7.0,,54.3,63.2,54.3,56.3,63.2,75.6,65.6,Yes,Yes,Yes,1.0,5,4,4,4,4,4,1,1,5,1,4,1
ST338,female,19,1,Business,Rented,Blended,3.5,6.4,11.8,53.3,61.0,53.3,57.6,61.0,51.9,51.5,Yes,Yes,Yes,3.0,3,3,3,3,2,5,3,3,4,4,2,3
ST339,female,18,1,Business,Home,Blended,4.0,7.9,10.4,56.9,67.9,56.9,60.0,67.9,54.1,35.1,Yes,Yes,Yes,3.0,3,4,2,4,4,3,2,1,4,2,4,3
ST340,male,21,4,Science,Home,Flipped,8.1,6.8,9.4,51.4,68.5,51.4,58.0,68.5,42.6,52.9,No,Yes,Yes,2.0,1,3,2,2,3,3,2,1,5,3,4,3
ST341,female,18,1,Science,Hostel,Blended,14.3,7.5,10.2,68.2,80.1,68.2,79.6,80.1,78.7,81.8,Yes,Yes,Yes,2.0,4,2,5,4,3,5,1,2,4,1,3,3
ST342,female,20,1,Science,Hostel,Blended,9.6,5.6,14.3,48.0,58.1,48.0,54.1,58.1,58.2,73.5,Yes,No,Yes,1.0,2,3,3,3,3,3,3,4,2,3,2,4
ST343,female,19,1,Arts,Home,Blended,6.3,6.4,13.2,85.8,100.0,85.8,96.1,100.0,64.7,57.0,Yes,Yes,Yes,5.0,2,2,1,3,3,3,3,2,3,3,4,3
ST344,female,22,4,Business,Rented,Flipped,6.1,7.3,11.1,60.6,74.3,60.6,65.0,74.3,71.3,83.0,Yes,Yes,Yes,3.0,2,3,3,2,2,4,1,1,3,2,4,2
ST345,female,19,1,Business,Hostel,Lecture,2.8,7.5,15.9,75.3,87.1,75.3,78.8,87.1,60.1,64.6,Yes,Yes,Yes,3.0,4,5,5,5,4,5,3,3,3,3,3,4
ST346,male,20,1,Science,Hostel,Blended,6.8,6.1,12.8,42.8,51.9,42.8,45.0,51.9,40.6,49.1,No,No,Yes,4.0,4,4,4,4,3,4,2,1,3,2,4,2
ST347,male,21,4,Science,Home,Blended,4.8,6.7,13.4,48.7,53.3,48.7,53.2,53.3,41.0,51.0,No,No,Yes,2.0,3,3,3,4,4,4,3,3,4,4,4,2
ST348,male,20,2,Business,Rented,Blended,6.5,6.5,11.5,61.3,72.4,61.3,70.3,72.4,60.6,60.4,Yes,Yes,Yes,4.0,4,4,3,3,2,3,2,1,2,2,4,2
ST349,female,19,3,Arts,Home,Lecture,3.2,9.9,9.9,58.6,61.1,58.6,67.2,61.1,47.2,56.6,No,Yes,Yes,1.0,3,2,2,3,2,3,2,2,4,3,4,3
ST350,female,22,4,Science,,Lecture,5.9,5.8,12.0,37.7,45.6,37.7,41.6,45.6,38.8,37.7,No,No,No,2.0,3,3,3,3,4,3,2,3,3,2,5,2
ST351,male,21,3,Business,Home,Flipped,6.1,5.9,16.0,56.9,48.1,56.9,50.9,48.1,47.3,61.8,No,Yes,No,2.0,4,3,4,3,4,2,2,3,2,3,3,4
ST352,female,20,3,Business,,Lecture,8.7,5.8,9.8,54.6,61.6,54.6,54.4,61.6,50.2,61.0,Yes,Yes,Yes,4.0,1,3,1,2,2,3,3,2,5,1,5,2
ST353,female,21,3,Business,Hostel,Flipped,5.1,6.0,12.7,53.3,65.0,53.3,54.9,65.0,55.2,59.4,Yes,Yes,Yes,4.0,4,3,4,4,3,4,2,1,3,3,4,3
ST354,female,20,2,Science,,Blended,6.9,7.0,12.1,81.3,99.1,81.3,89.9,99.1,65.2,80.3,Yes,Yes,Yes,3.0,1,2,2,3,1,1,4,3,2,3,2,3
ST355,female,21,3,Science,Hostel,Blended,9.0,5.9,11.6,45.6,62.8,45.6,46.7,62.8,53.6,55.8,Yes,No,Yes,2.0,3,3,3,3,4,3,2,2,3,2,4,2
ST356,female,21,2,Science,Home,Blended,6.9,6.0,11.1,50.7,52.6,50.7,53.5,52.6,53.6,52.6,Yes,Yes,Yes,3.0,5,5,5,5,4,4,1,2,4,4,5,2
ST357,male,18,1,Business,Rented,Blended,5.0,7.2,12.3,72.8,78.0,72.8,76.8,78.0,61.5,63.7,Yes,Yes,Yes,1.0,4,3,3,3,4,3,3,3,3,3,2,3
ST358,female,21,3,Science,Home,Flipped,4.4,5.9,15.1,58.3,67.1,58.3,62.7,67.1,47.5,61.6,No,Yes,Yes,2.0,3,2,2,2,4,3,3,3,3,2,3,4
ST359,male,18,1,Science,Home,Blended,6.4,6.5,13.2,71.0,81.4,71.0,75.4,81.4,51.4,60.3,Yes,Yes,Yes,4.0,3,2,2,3,4,2,2,3,3,2,3,3
ST360,male,19,1,Science,Rented,Flipped,7.9,7.6,17.8,73.8,85.0,73.8,82.2,85.0,56.6,54.9,Yes,Yes,Yes,5.0,4,4,2,3,3,3,4,3,2,3,2,5
ST361,female,23,4,Science,Hostel,Lecture,5.0,7.1,12.8,38.8,38.2,38.8,36.8,38.2,43.7,42.1,No,No,No,2.0,3,3,2,3,3,2,4,4,3,4,3,4
ST362,female,23,4,Business,Home,Lecture,8.2,6.7,13.2,60.6,55.0,60.6,56.9,55.0,59.7,54.2,Yes,Yes,Yes,3.0,1,2,2,2,3,3,2,3,3,4,3,4
ST363,male,22,3,Science,Hostel,Lecture,4.3,7.3,17.2,40.8,47.2,40.8,47.9,47.2,36.7,32.9,No,No,No,2.0,1,2,2,3,1,3,5,4,2,4,2,4
ST364,female,19,2,Business,Rented,Lecture,1.4,7.0,13.8,31.7,28.3,31.7,29.1,28.3,38.9,34.5,No,No,No,2.0,3,3,1,3,1,3,4,3,3,3,1,4
ST365,female,21,4,Business,Home,Lecture,8.9,6.3,10.4,56.9,59.0,56.9,62.9,59.0,55.1,83.5,Yes,Yes,Yes,2.0,3,2,3,2,3,4,2,2,4,2,3,3
ST366,female,17,1,Arts,Hostel,Blended,4.3,7.5,13.8,58.5,58.5,58.5,56.3,58.5,51.6,55.4,Yes,Yes,Yes,4.0,1,2,1,1,1,1,3,3,3,3,3,3
ST367,female,19,2,Business,Home,Flipped,14.8,7.1,10.7,59.8,74.8,59.8,69.7,74.8,63.5,63.8,Yes,Yes,Yes,4.0,4,3,3,4,4,5,1,2,3,3,4,2
ST368,female,21,3,Business,Rented,Blended,7.3,9.6,9.3,61.0,72.8,61.0,70.0,72.8,68.0,74.9,Yes,Yes,Yes,5.0,3,3,3,3,2,3,1,3,3,2,4,2
ST369,female,23,3,Science,Hostel,Flipped,5.2,6.9,10.0,65.1,65.2,65.1,65.0,65.2,49.0,74.7,No,Yes,Yes,5.0,3,2,4,3,2,1,3,3,4,2,3,2
ST370,male,21,2,Business,Home,Lecture,6.8,7.0,15.4,43.2,49.2,43.2,41.4,49.2,48.7,42.9,No,No,No,4.0,3,3,2,4,3,2,4,2,3,2,3,4
ST371,female,22,4,Arts,Hostel,Blended,13.5,7.6,22.7,67.9,78.6,67.9,73.1,78.6,74.5,77.3,Yes,Yes,Yes,3.0,4,4,5,3,4,4,3,5,1,4,1,4
ST372,female,19,3,Science,Home,Blended,10.1,6.6,17.6,62.0,73.9,62.0,63.9,73.9,65.5,57.7,Yes,Yes,Yes,3.0,3,1,1,1,2,3,5,4,1,4,1,5
ST373,female,18,1,Science,Home,Flipped,4.1,7.5,7.1,61.2,80.7,61.2,70.8,80.7,61.1,58.0,Yes,Yes,Yes,2.0,3,3,4,3,5,4,2,1,5,1,4,1
ST374,female,20,2,Business,Home,Blended,5.3,7.8,10.6,68.1,85.7,68.1,74.7,85.7,67.5,89.4,Yes,Yes,Yes,5.0,3,4,5,3,3,4,2,3,3,2,3,2
ST375,male,20,2,Business,Hostel,Flipped,10.4,,18.1,62.6,81.2,62.6,70.1,81.2,,60.0,Yes,Yes,Yes,3.0,2,1,2,3,3,2,5,4,2,4,2,5
ST376,female,21,2,Business,Home,Lecture,3.3,7.3,13.7,56.9,55.5,56.9,55.8,55.5,55.9,46.0,Yes,Yes,Yes,3.0,2,2,1,2,2,1,4,5,3,3,4,5
ST377,male,21,2,Science,Home,Lecture,4.9,6.9,11.4,46.6,53.5,46.6,53.2,53.5,42.4,58.7,No,No,Yes,3.0,3,2,4,3,3,4,2,3,4,2,4,2
ST378,female,20,2,Arts,Home,Lecture,4.9,7.0,11.6,66.9,75.3,66.9,72.3,75.3,58.9,44.1,Yes,Yes,Yes,3.0,3,3,3,3,2,4,2,2,4,3,4,2
ST379,female,21,3,Arts,Hostel,Flipped,6.6,8.5,13.9,51.4,60.6,51.4,57.0,60.6,56.4,70.9,Yes,Yes,Yes,4.0,1,4,2,1,3,1,3,2,3,3,3,4
ST380,male,18,2,Science,Rented,Flipped,4.0,6.9,13.5,48.0,69.4,48.0,57.7,69.4,52.8,58.2,Yes,No,Yes,5.0,4,4,4,3,5,4,3,3,3,3,2,1
ST381,female,21,2,Science,Hostel,Blended,5.2,7.4,12.7,63.3,73.5,63.3,66.9,73.5,58.2,50.4,Yes,Yes,Yes,4.0,2,3,2,3,2,3,3,2,4,2,2,4
ST382,male,18,2,Business,Hostel,Lecture,3.3,8.4,20.3,74.0,80.0,74.0,80.8,80.0,57.4,46.8,Yes,Yes,Yes,1.0,3,2,3,2,3,2,5,4,2,5,2,5
ST383,female,21,3,Business,Home,Flipped,1.4,7.9,15.1,49.5,63.1,49.5,56.3,63.1,51.7,53.3,Yes,No,Yes,3.0,2,3,1,3,3,2,3,5,2,4,3,4
ST384,male,20,2,Science,Rented,Blended,5.4,,17.9,66.0,74.7,66.0,69.9,74.7,56.1,49.4,Yes,Yes,Yes,3.0,3,2,3,3,3,2,3,5,2,3,3,5
ST385,male,18,1,Science,Home,Lecture,4.2,6.7,17.7,68.8,65.2,68.8,69.8,65.2,57.9,57.6,Yes,Yes,Yes,4.0,2,2,2,1,1,3,4,4,2,4,1,4
ST386,female,21,2,Arts,Home,Flipped,5.6,6.2,15.8,64.1,81.4,64.1,72.5,81.4,65.4,88.3,Yes,Yes,Yes,4.0,3,2,3,3,2,3,4,4,2,5,2,4
ST387,male,20,1,Business,Hostel,Lecture,12.6,5.8,15.5,37.8,42.4,37.8,41.9,42.4,43.8,34.3,No,No,No,3.0,3,3,3,3,2,3,3,4,2,4,3,4
ST388,male,21,3,Business,Home,Flipped,5.2,7.1,12.2,55.2,68.2,55.2,62.2,68.2,48.6,52.7,No,Yes,Yes,2.0,3,2,2,2,3,1,3,3,4,3,3,3
ST389,male,20,2,Science,Hostel,Lecture,5.0,5.4,18.6,60.7,72.2,60.7,61.9,72.2,52.3,53.7,Yes,Yes,Yes,4.0,3,4,4,2,3,3,4,4,1,4,2,4
ST390,male,22,4,Business,Home,Blended,4.5,6.5,15.6,65.7,74.0,65.7,66.1,74.0,45.3,49.2,No,Yes,Yes,3.0,3,2,3,2,3,3,4,4,2,4,2,4
ST391,female,21,4,Science,Rented,Flipped,16.4,5.6,19.9,57.1,60.8,57.1,57.2,60.8,65.0,54.0,Yes,Yes,Yes,3.0,3,3,3,4,3,2,5,5,2,3,2,4
ST392,female,19,2,Science,Hostel,Flipped,7.5,4.3,12.6,62.8,73.2,62.8,70.1,73.2,55.7,58.1,Yes,Yes,Yes,4.0,2,3,4,3,3,2,2,2,3,3,3,3
ST393,male,19,1,Science,Home,Blended,3.9,5.6,14.5,63.2,63.6,63.2,63.6,63.6,43.0,57.1,No,Yes,Yes,4.0,3,4,3,3,3,4,3,3,3,3,3,3
ST394,female,19,1,Science,Home,Blended,9.2,5.1,12.8,55.1,61.7,55.1,63.6,61.7,50.4,53.5,Yes,Yes,Yes,3.0,4,3,3,4,3,4,4,3,4,4,3,4
ST395,female,19,2,Business,Home,Blended,15.0,5.2,10.6,46.9,62.6,46.9,52.8,62.6,67.9,77.1,Yes,No,Yes,4.0,4,5,4,5,4,4,1,2,4,1,4,1
ST396,female,21,3,Arts,Rented,Flipped,9.5,7.3,11.1,62.6,71.6,62.6,67.6,71.6,60.5,68.8,Yes,Yes,Yes,3.0,4,2,4,4,3,4,3,2,4,2,4,2
ST397,female,20,1,Business,Home,Blended,9.0,8.0,12.2,54.6,72.8,54.6,62.0,72.8,77.5,54.7,Yes,Yes,Yes,3.0,2,1,2,1,1,1,3,4,4,3,3,3
ST398,male,19,2,Business,Hostel,Blended,12.7,5.2,14.2,76.9,87.3,76.9,79.1,87.3,65.1,76.3,Yes,Yes,Yes,2.0,5,4,4,4,4,4,3,3,3,2,3,3
ST399,male,18,1,Business,Home,Flipped,6.0,7.8,12.2,71.7,84.5,71.7,83.0,84.5,60.5,62.9,Yes,Yes,Yes,4.0,4,4,3,4,3,3,2,2,4,3,3,2
ST400,male,18,1,Arts,Home,Lecture,5.7,8.0,11.4,29.4,36.7,29.4,33.8,36.7,50.2,73.4,Yes,No,No,2.0,3,3,3,4,3,3,2,2,5,2,4,3
