ID,Price_sensitivity,Brand_loyalty,Quality_focus,Online_affinity,Social_influence,Age,Income_k,Gender,Channel
S001,1.82,4.03,5.25,6.13,5.19,27,44.2,female,Online
S002,3.12,7.0,4.92,2.99,5.35,48,37.9,male,Store
S003,5.27,2.69,3.45,3.2,2.15,43,24.4,male,Mixed
S004,4.27,6.49,6.12,4.48,4.51,40,60.6,male,Mixed
S005,4.71,2.62,3.39,3.73,1.65,23,31.6,female,Mixed
S006,4.03,6.62,5.16,3.77,5.19,46,83.2,female,Store
S007,3.93,2.83,6.55,4.76,6.74,30,31.7,male,Mixed
S008,3.27,5.8,4.98,4.45,4.84,43,69.9,female,Store
S009,1.91,3.72,5.95,6.76,5.89,38,28.4,female,Online
S010,6.68,1.38,3.43,4.35,1.93,34,12.0,female,Mixed
S011,3.78,5.97,6.04,2.99,3.24,44,71.2,female,Store
S012,3.58,1.87,6.01,6.47,7.0,27,51.9,female,Online
S013,3.14,3.48,4.61,6.1,5.41,38,46.4,male,Online
S014,6.22,3.55,2.92,4.31,2.72,40,47.0,male,Mixed
S015,6.28,2.59,2.26,4.66,2.97,34,38.1,male,Store
S016,7.0,3.98,2.87,4.62,3.9,43,56.8,female,Online
S017,2.88,4.7,5.82,2.83,3.69,30,42.3,male,Store
S018,2.9,5.93,5.93,3.19,4.47,49,74.3,female,Store
S019,3.25,4.0,5.88,5.81,7.0,30,36.2,male,Online
S020,6.12,2.99,4.1,5.96,3.0,35,39.2,male,Mixed
S021,4.1,6.36,5.2,2.36,3.59,44,54.8,male,Online
S022,5.55,1.38,1.63,5.23,4.09,33,26.2,female,Store
S023,6.65,2.69,3.78,3.91,4.33,30,44.5,female,Mixed
S024,5.61,3.58,3.71,6.07,3.74,20,32.7,male,Store
S025,6.84,2.51,2.82,4.72,4.1,26,12.0,male,Online
S026,4.25,6.33,5.44,2.97,3.93,46,70.5,male,Online
S027,4.78,2.53,2.45,3.74,2.95,38,41.6,female,Store
S028,4.37,2.84,5.34,7.0,4.34,23,50.9,female,Online
S029,5.97,2.83,3.16,4.75,3.64,35,36.1,female,Online
S030,6.6,2.25,3.09,4.47,1.84,34,27.0,male,Mixed
S031,6.81,3.27,2.64,5.53,2.21,18,32.0,female,Mixed
S032,2.24,3.57,5.51,6.04,5.14,24,35.3,male,Online
S033,3.51,6.7,5.6,3.01,4.38,32,68.5,male,Store
S034,2.77,7.0,6.72,3.22,4.52,54,46.6,male,Store
S035,3.31,7.0,4.25,3.98,4.37,67,85.4,female,Store
S036,1.94,2.78,5.44,6.78,5.17,18,24.9,male,Mixed
S037,3.64,1.37,7.0,5.87,5.49,30,59.5,male,Online
S038,2.46,6.92,5.93,3.37,4.23,68,42.1,male,Store
S039,6.47,2.81,3.63,5.64,2.62,49,39.7,female,Store
S040,3.85,4.57,7.0,3.97,4.66,51,53.6,female,Store
S041,6.96,3.04,1.93,5.28,2.93,36,29.6,female,Mixed
S042,3.26,6.06,6.38,3.86,6.26,53,48.2,female,Store
S043,3.54,6.55,5.01,3.27,4.6,52,69.9,female,Mixed
S044,3.39,3.9,6.0,5.97,4.17,21,60.2,female,Online
S045,1.93,5.58,4.59,2.51,5.31,39,30.4,male,Store
S046,5.9,3.24,2.95,5.16,1.75,41,27.4,male,Store
S047,4.85,3.52,2.98,5.33,1.96,25,29.4,female,Mixed
S048,4.94,3.04,7.0,6.22,5.26,31,38.4,female,Online
S049,2.97,3.68,5.59,5.44,5.29,20,66.3,female,Online
S050,3.46,2.9,6.71,4.88,5.84,24,56.7,male,Store
S051,4.05,2.11,3.34,4.5,3.68,61,28.1,male,Mixed
S052,4.77,3.82,4.45,6.67,6.41,38,68.1,female,Online
S053,4.06,3.9,6.06,6.43,5.42,20,54.1,male,Online
S054,1.4,4.32,6.46,5.02,5.5,29,26.9,female,Online
S055,4.69,6.11,5.68,3.3,4.6,56,56.6,female,Online
S056,3.39,3.26,6.63,7.0,6.36,31,63.9,female,Online
S057,3.62,7.0,5.84,2.92,5.94,62,65.5,female,Store
S058,6.67,3.99,2.73,3.67,2.01,23,25.4,male,Store
S059,4.24,5.19,4.92,2.4,5.12,50,73.1,male,Online
S060,6.97,3.18,2.15,3.95,2.72,44,26.0,male,Mixed
S061,4.87,2.94,3.98,4.38,2.87,43,27.9,male,Store
S062,3.2,6.01,5.51,3.99,3.87,48,58.7,female,Store
S063,3.59,2.32,5.6,5.07,6.52,27,54.8,female,Online
S064,6.02,1.02,2.03,4.7,1.0,29,28.5,female,Mixed
S065,3.12,3.03,4.51,6.61,4.47,24,27.4,male,Mixed
S066,7.0,2.53,3.74,5.12,4.84,29,41.3,male,Store
S067,3.09,3.05,4.54,6.82,6.94,18,41.9,male,Online
S068,4.34,3.38,2.74,4.15,2.97,46,32.0,female,Mixed
S069,6.65,2.11,3.72,5.55,2.54,34,41.8,female,Mixed
S070,2.62,6.77,7.0,3.4,3.06,65,74.5,female,Store
S071,5.81,1.48,3.2,4.25,1.88,36,32.5,female,Store
S072,5.45,1.97,4.96,3.73,4.84,32,21.4,male,Mixed
S073,5.72,2.36,2.39,5.01,3.42,25,42.3,male,Online
S074,4.98,2.63,7.0,4.94,7.0,34,41.1,male,Online
S075,4.4,2.9,3.87,4.22,3.21,36,47.3,male,Store
S076,5.25,3.41,3.92,3.48,3.55,49,38.8,female,Online
S077,2.33,5.35,5.42,3.66,3.92,41,48.6,male,Store
S078,4.0,2.58,6.63,6.52,5.09,27,58.7,female,Online
S079,2.19,3.72,6.7,5.27,4.66,26,52.0,female,Mixed
S080,5.69,1.27,4.11,5.16,2.34,26,43.7,male,Mixed
S081,5.85,1.72,2.9,4.23,2.42,41,20.4,female,Online
S082,4.59,1.68,1.83,5.64,3.94,23,37.2,male,Mixed
S083,3.16,6.42,4.47,3.68,4.29,45,37.3,female,Store
S084,5.47,1.93,2.15,4.2,2.94,41,32.5,female,Store
S085,2.74,3.34,5.12,4.99,5.25,22,57.1,male,Mixed
S086,4.36,4.21,4.29,3.12,3.21,45,62.8,male,Store
S087,6.48,2.77,3.65,3.96,2.33,39,32.0,female,Online
S088,4.95,1.0,3.56,3.73,3.83,29,33.0,male,Online
S089,2.41,2.06,6.48,6.98,6.01,18,19.3,male,Online
S090,2.94,6.56,7.0,2.33,4.43,54,55.0,female,Online
S091,7.0,3.65,3.75,3.82,2.77,45,12.0,female,Mixed
S092,4.1,6.38,6.51,3.09,2.49,34,30.9,male,Store
S093,2.49,2.84,6.49,7.0,6.32,19,37.5,female,Online
S094,6.72,3.11,3.17,6.13,2.96,37,31.6,male,Store
S095,3.99,7.0,5.0,3.48,3.4,62,30.4,male,Mixed
S096,6.0,2.61,2.18,4.74,5.82,27,37.4,male,Store
S097,6.87,3.22,2.6,3.96,1.54,33,39.3,female,Store
S098,5.38,3.16,4.31,4.68,1.82,33,41.8,female,Online
S099,4.75,5.72,5.26,2.04,3.39,49,39.3,male,Store
S100,2.45,6.33,4.62,2.49,4.5,37,47.5,male,Store
S101,6.83,1.48,3.94,3.6,3.13,38,15.7,male,Mixed
S102,1.38,4.77,5.5,6.1,6.37,20,54.7,male,Online
S103,1.41,6.13,5.12,3.1,4.43,59,28.9,female,Online
S104,6.61,1.93,4.55,5.32,3.01,30,24.0,female,Mixed
S105,6.38,2.38,4.3,3.4,2.98,46,23.6,female,Store
S106,3.47,5.66,6.1,2.97,3.87,62,68.4,female,Store
S107,4.92,3.26,5.04,4.09,2.48,31,30.9,female,Store
S108,3.32,6.54,5.07,3.2,5.73,47,54.6,female,Store
S109,4.41,5.6,4.45,1.92,3.59,52,27.0,male,Store
S110,3.82,5.79,6.37,3.44,4.58,51,74.4,female,Store
S111,3.91,4.79,5.9,2.88,4.08,43,76.5,female,Store
S112,2.39,6.32,4.26,4.34,4.96,32,65.0,female,Mixed
S113,7.0,2.39,3.3,5.07,3.0,25,12.0,female,Mixed
S114,3.02,7.0,5.9,2.14,4.31,69,102.9,male,Store
S115,6.17,3.03,2.35,5.32,2.59,38,29.4,male,Store
S116,3.59,5.62,6.08,3.39,3.55,42,43.8,male,Store
S117,3.85,5.41,6.32,2.03,5.07,47,76.0,female,Store
S118,2.73,2.9,4.75,5.12,5.0,28,49.9,male,Online
S119,2.69,2.83,7.0,4.99,6.1,28,40.5,female,Mixed
S120,2.65,3.24,6.89,5.23,5.51,21,50.9,female,Online
S121,3.64,5.65,5.83,3.01,4.45,66,55.3,female,Online
S122,2.74,5.11,5.88,2.13,6.42,39,36.4,male,Online
S123,4.24,2.22,5.44,4.35,5.45,31,44.5,female,Online
S124,1.85,3.73,5.99,6.03,5.69,39,41.7,male,Store
S125,4.29,6.82,5.86,1.53,4.66,55,63.3,female,Mixed
S126,5.13,2.63,2.38,4.93,1.66,29,36.0,female,Store
S127,5.63,2.1,3.42,5.57,2.81,36,16.3,male,Online
S128,3.79,2.76,5.16,6.85,6.18,18,44.1,male,Mixed
S129,5.81,2.45,3.54,5.74,1.89,44,39.7,male,Mixed
S130,4.27,6.6,6.48,2.73,5.47,53,48.6,male,Store
S131,6.85,3.4,2.81,4.89,3.62,28,33.2,female,Store
S132,2.58,3.38,5.76,6.39,7.0,32,54.3,male,Online
S133,3.84,7.0,4.82,2.95,4.95,46,40.9,female,Mixed
S134,2.9,6.3,5.76,3.63,4.12,41,42.8,female,Online
S135,5.87,2.2,1.82,6.14,3.64,47,38.9,female,Store
S136,5.42,1.0,3.01,3.85,3.23,33,29.4,female,Online
S137,7.0,4.04,3.65,4.26,3.55,28,31.2,female,Mixed
S138,3.47,5.46,5.3,3.15,3.23,32,44.4,female,Online
S139,6.65,3.37,1.83,4.52,3.23,32,27.2,male,Mixed
S140,3.49,4.24,5.03,5.95,4.14,30,64.3,male,Mixed
S141,2.6,4.59,6.13,2.78,3.35,40,42.3,female,Store
S142,6.6,1.0,3.92,4.99,3.29,36,17.2,female,Mixed
S143,3.15,6.01,5.8,1.08,5.46,43,13.4,male,Store
S144,5.7,3.39,2.58,2.82,3.91,32,36.0,female,Mixed
S145,2.17,2.92,4.18,5.63,6.09,32,55.1,female,Store
S146,3.73,5.95,4.68,2.6,4.31,66,59.9,female,Store
S147,3.87,6.02,4.78,4.64,4.35,40,25.5,male,Store
S148,5.31,2.11,3.09,5.33,2.03,53,30.7,male,Online
S149,3.07,1.78,6.07,5.07,5.62,23,53.1,male,Online
S150,5.96,1.16,2.62,4.95,4.51,34,42.4,male,Mixed
S151,5.61,3.18,3.42,4.07,2.74,37,31.3,female,Store
S152,4.5,6.69,5.95,3.55,5.2,58,66.4,female,Online
S153,3.55,7.0,2.82,3.91,3.45,39,66.3,female,Store
S154,6.19,3.07,1.53,5.8,3.0,38,42.2,female,Mixed
S155,6.07,2.6,2.06,5.19,3.41,23,28.6,female,Online
S156,6.01,2.89,2.38,5.45,3.86,48,37.1,male,Online
S157,3.05,5.31,6.57,7.0,5.21,28,35.7,female,Mixed
S158,2.7,2.57,5.2,6.49,5.49,30,32.8,female,Mixed
S159,2.53,3.49,5.82,7.0,5.64,36,46.3,male,Online
S160,6.1,7.0,5.95,1.92,3.86,53,55.5,male,Store
S161,4.05,5.0,5.52,3.37,4.29,40,78.2,female,Store
S162,2.3,5.65,5.92,2.0,5.51,60,61.0,female,Online
S163,3.97,5.73,6.12,2.97,5.01,50,74.2,female,Online
S164,6.78,2.41,2.15,2.93,4.76,35,34.2,female,Mixed
S165,4.61,2.92,4.54,5.49,5.6,24,53.0,female,Store
S166,6.53,2.4,3.43,5.11,2.49,32,16.7,male,Mixed
S167,2.36,1.99,6.46,6.4,6.94,22,66.0,male,Mixed
S168,3.31,2.67,6.15,5.74,6.98,34,39.4,female,Online
S169,6.3,3.33,3.61,5.05,1.88,40,22.5,male,Store
S170,3.63,5.27,5.05,2.25,3.99,65,32.4,female,Online
S171,1.75,6.15,6.17,2.54,4.09,55,83.1,male,Online
S172,2.5,3.79,6.44,6.19,5.72,27,40.3,male,Mixed
S173,6.96,3.19,3.07,4.94,4.17,43,21.6,male,Mixed
S174,5.92,2.5,4.54,5.82,4.47,36,26.9,female,Mixed
S175,3.07,5.7,4.46,2.74,4.08,34,70.4,female,Mixed
S176,6.1,2.22,2.49,5.17,3.36,26,28.1,male,Mixed
S177,7.0,3.05,1.81,4.69,4.6,27,28.9,male,Mixed
S178,3.51,4.04,7.0,6.04,5.97,32,55.0,female,Online
S179,6.4,3.08,4.5,4.46,3.12,42,34.8,female,Mixed
S180,4.46,6.05,4.9,3.32,4.45,61,51.7,male,Store
S181,3.66,6.32,7.0,3.96,4.26,56,71.2,male,Mixed
S182,6.01,2.45,2.36,3.77,1.84,32,37.7,female,Online
S183,2.93,2.83,5.87,5.42,4.69,25,55.3,female,Online
S184,6.11,3.68,3.16,4.19,4.36,42,23.7,male,Store
S185,3.29,6.91,4.2,4.46,3.93,43,72.1,female,Store
S186,3.03,4.19,5.03,6.84,6.42,18,43.3,female,Mixed
S187,4.4,3.52,5.88,5.27,6.51,25,55.9,male,Online
S188,2.21,4.54,5.55,7.0,4.79,38,72.7,male,Mixed
S189,4.01,6.92,5.31,1.65,4.18,40,50.9,male,Mixed
S190,6.29,3.06,2.61,5.75,3.93,20,20.8,female,Online
S191,3.09,4.59,5.91,6.35,5.67,35,40.6,male,Mixed
S192,4.0,5.53,4.22,3.5,3.48,38,49.3,female,Mixed
S193,2.51,2.14,4.95,6.41,5.58,28,46.4,male,Online
S194,5.26,2.66,2.64,5.68,1.48,50,40.6,male,Mixed
S195,6.08,1.88,3.27,3.91,3.18,25,37.7,female,Mixed
S196,6.31,2.99,1.72,4.34,1.42,37,35.6,female,Mixed
S197,6.14,2.56,3.53,6.2,3.77,34,40.5,male,Store
S198,6.61,1.0,3.58,5.19,2.76,36,37.0,female,Store
S199,3.75,6.83,5.58,3.44,4.09,61,56.3,male,Store
S200,5.02,2.46,3.01,3.91,3.28,26,24.8,male,Mixed
S201,2.86,1.76,6.42,4.97,6.12,32,69.2,male,Online
S202,3.56,1.97,5.15,6.76,6.39,26,45.6,male,Mixed
S203,4.3,4.79,4.37,2.2,3.83,47,57.0,female,Store
S204,3.06,5.98,5.43,3.3,3.95,59,37.7,male,Store
S205,6.13,4.27,3.86,4.27,3.19,39,21.7,female,Mixed
S206,2.37,1.98,6.99,6.43,5.61,35,40.4,female,Online
S207,6.04,1.0,2.94,5.36,4.42,39,39.7,male,Store
S208,5.55,2.17,4.02,4.17,4.04,35,27.6,male,Mixed
S209,2.12,5.53,5.81,2.87,4.34,50,78.5,male,Store
S210,1.88,2.7,5.63,7.0,5.59,31,65.5,female,Mixed
S211,5.99,2.07,3.6,4.82,3.4,18,40.9,female,Online
S212,6.49,2.4,3.73,4.79,3.79,52,38.3,male,Store
S213,6.2,1.0,3.86,4.56,2.94,40,39.9,female,Mixed
S214,1.99,6.62,5.32,2.08,3.52,37,35.0,male,Store
S215,3.9,5.73,6.07,3.15,3.53,60,72.1,female,Online
S216,4.26,6.11,5.07,3.09,4.8,36,50.4,female,Store
S217,5.61,3.24,2.82,5.68,1.45,30,21.9,female,Store
S218,3.45,3.41,6.41,6.19,4.77,19,49.9,male,Store
S219,6.95,2.54,4.18,5.31,4.2,27,37.9,female,Mixed
S220,4.37,2.08,6.89,4.98,5.0,24,24.3,female,Online
S221,3.31,5.47,4.69,2.81,4.19,56,74.7,male,Online
S222,3.72,6.5,6.64,5.05,4.77,42,76.7,female,Mixed
S223,2.26,2.62,5.59,6.54,4.39,32,50.5,male,Store
S224,5.34,2.32,2.04,4.64,2.52,27,15.9,female,Mixed
S225,3.08,5.22,6.39,2.71,5.54,48,56.5,female,Mixed
S226,6.6,2.28,2.98,5.36,4.09,41,50.4,female,Mixed
S227,4.96,2.71,3.31,5.09,2.44,29,34.0,male,Mixed
S228,1.43,2.73,6.73,6.12,6.15,29,29.6,female,Online
S229,3.5,5.65,5.37,3.44,5.05,53,67.3,female,Store
S230,4.45,7.0,5.45,3.47,5.02,47,21.4,female,Store
S231,2.54,6.94,5.21,3.74,4.53,56,71.0,male,Store
S232,2.5,5.17,6.21,3.27,3.84,26,75.5,male,Store
S233,3.06,7.0,5.36,3.58,3.89,35,73.9,male,Store
S234,5.87,3.22,1.52,5.0,2.55,53,24.5,male,Store
S235,4.68,2.28,4.08,5.72,1.31,41,30.1,female,Store
S236,7.0,3.16,2.28,3.67,2.5,31,33.6,female,Mixed
S237,4.7,2.67,2.9,5.6,3.11,41,24.5,male,Mixed
S238,5.37,1.48,2.8,5.51,3.12,21,37.7,female,Mixed
S239,3.47,4.19,5.75,6.01,6.04,22,48.7,female,Mixed
S240,2.58,5.87,4.46,2.98,4.09,68,63.3,male,Online
S241,4.15,6.77,6.13,2.8,4.58,45,45.1,female,Online
S242,3.27,2.15,4.68,5.15,2.47,27,31.4,female,Mixed
S243,3.47,3.96,6.01,4.85,6.45,30,38.4,male,Online
S244,3.45,7.0,5.96,2.28,3.61,40,42.1,female,Online
S245,1.6,4.16,4.36,5.38,6.5,25,51.0,male,Online
S246,2.92,7.0,5.77,3.22,5.58,50,49.3,male,Store
S247,2.72,5.43,5.43,6.64,7.0,23,16.3,male,Mixed
S248,7.0,3.8,3.95,5.6,3.76,21,35.7,female,Online
S249,3.28,5.07,6.34,2.96,5.24,51,46.8,female,Online
S250,5.48,2.85,3.9,5.29,2.12,38,42.3,female,Store
S251,5.5,3.22,3.56,4.7,1.9,30,31.6,female,Mixed
S252,3.97,6.1,5.66,2.53,3.71,45,64.0,female,Store
S253,4.46,3.52,4.79,6.76,5.81,22,40.6,female,Mixed
S254,3.28,6.77,6.72,4.3,3.35,42,61.6,female,Store
S255,2.49,2.51,5.76,6.08,6.87,26,32.5,male,Online
S256,4.67,2.73,3.3,4.49,2.72,43,31.0,female,Mixed
S257,5.57,3.18,5.17,3.49,3.42,35,19.4,male,Mixed
S258,3.39,7.0,5.81,1.91,4.09,55,59.6,female,Online
S259,5.73,2.06,3.51,5.18,3.35,28,25.3,female,Store
S260,6.09,1.83,3.41,2.37,4.02,46,33.3,female,Mixed
S261,2.69,6.03,6.55,2.54,3.55,42,61.4,male,Store
S262,1.63,2.8,5.51,6.88,5.77,31,62.9,female,Mixed
S263,3.48,5.87,6.15,2.84,3.5,60,53.2,female,Online
S264,3.5,6.22,6.12,3.06,4.42,44,36.2,female,Store
S265,7.0,1.97,2.15,4.63,3.17,34,39.1,male,Mixed
S266,2.62,2.47,6.09,5.51,4.35,30,75.9,male,Mixed
S267,4.58,7.0,5.79,2.97,4.55,69,64.5,female,Online
S268,3.39,6.36,4.87,2.95,4.93,64,56.6,male,Store
S269,6.66,2.27,3.23,4.97,2.05,22,26.1,female,Online
S270,5.16,4.62,2.59,5.62,4.07,33,23.5,female,Online
S271,4.25,6.31,5.66,2.87,4.05,69,44.4,male,Store
S272,6.75,2.41,3.18,5.49,2.29,36,34.7,female,Mixed
S273,5.54,3.37,4.27,4.04,4.74,24,31.9,male,Store
S274,1.35,3.88,6.62,7.0,6.99,22,49.6,female,Online
S275,5.2,2.32,2.54,4.79,1.48,29,31.0,female,Store
S276,5.64,2.31,4.48,4.79,3.13,23,24.3,female,Mixed
S277,2.74,6.18,4.34,3.98,4.36,68,81.1,female,Store
S278,2.12,3.35,7.0,6.56,5.93,20,44.3,female,Online
S279,6.55,1.0,2.31,3.8,2.68,32,34.5,female,Online
S280,6.85,1.41,3.09,4.68,3.31,18,50.9,female,Online
S281,2.32,4.26,6.76,7.0,4.37,25,62.6,female,Online
S282,3.25,3.44,4.72,5.44,5.81,24,56.5,male,Store
S283,5.58,1.42,3.88,4.42,2.86,35,23.9,female,Mixed
S284,3.22,3.13,6.02,6.15,6.09,30,68.1,male,Online
S285,4.24,2.96,4.74,6.16,4.54,30,54.3,female,Mixed
S286,2.05,4.13,4.82,6.11,6.55,28,38.6,male,Online
S287,1.7,4.06,6.22,7.0,5.66,26,29.4,female,Store
S288,5.2,2.87,6.33,5.7,6.04,36,48.9,male,Online
S289,3.99,5.71,5.85,2.59,4.07,36,68.9,female,Store
S290,2.49,5.74,5.4,4.0,5.19,41,63.3,female,Store
S291,3.88,5.94,5.57,2.96,3.96,48,44.5,male,Online
S292,2.28,7.0,6.14,1.93,5.44,54,53.1,female,Store
S293,2.65,7.0,5.73,3.26,4.23,31,77.9,male,Online
S294,5.32,2.64,2.98,4.61,3.91,27,50.4,male,Mixed
S295,4.1,7.0,5.73,2.74,3.77,48,50.8,female,Mixed
S296,5.5,1.92,2.71,4.84,2.79,38,38.7,female,Mixed
S297,6.07,4.17,2.18,5.15,2.53,40,38.7,female,Mixed
S298,6.26,2.29,1.07,4.87,3.45,37,30.6,female,Mixed
S299,2.86,3.24,6.18,6.32,6.08,35,19.0,male,Mixed
S300,3.92,4.49,6.04,3.48,5.72,61,39.8,female,Mixed
S301,4.22,5.18,7.0,2.91,5.79,41,62.5,female,Online
S302,6.53,3.24,1.55,5.23,3.24,50,19.8,female,Mixed
S303,4.56,6.04,6.88,2.2,3.29,53,56.0,female,Mixed
S304,2.86,6.01,6.58,4.06,3.88,55,81.6,male,Mixed
S305,5.06,2.3,4.86,4.56,3.86,38,31.7,male,Store
S306,3.55,5.24,4.19,3.64,3.44,74,37.0,female,Store
S307,6.82,2.95,3.08,3.77,2.53,47,38.1,male,Store
S308,7.0,1.24,3.81,4.69,3.46,31,31.4,male,Mixed
S309,5.56,2.37,3.45,6.12,3.92,40,19.5,female,Mixed
S310,1.99,4.08,5.2,7.0,4.98,28,70.6,male,Online
S311,5.12,1.85,3.2,6.52,2.17,32,21.8,male,Online
S312,5.17,2.24,2.87,4.99,4.55,32,45.6,female,Online
S313,2.58,3.3,5.11,6.31,5.44,27,12.0,female,Online
S314,4.07,5.85,5.56,1.94,5.15,44,41.5,male,Mixed
S315,7.0,2.56,3.0,3.85,1.94,30,29.7,female,Mixed
S316,5.96,3.19,2.76,3.2,2.79,34,27.3,female,Mixed
S317,2.37,6.33,6.48,3.18,5.14,50,51.5,male,Store
S318,2.19,2.98,4.87,6.65,6.78,19,41.2,female,Online
S319,2.36,3.07,5.76,7.0,4.24,33,44.7,female,Online
S320,4.4,5.0,5.49,2.65,6.05,57,69.3,female,Store
S321,6.93,3.44,2.84,4.64,3.61,22,29.1,female,Store
S322,1.72,4.64,6.34,6.61,6.45,24,46.6,female,Online
S323,7.0,2.43,3.57,4.74,2.17,31,31.9,female,Mixed
S324,3.26,5.71,6.18,3.41,4.65,44,59.9,male,Online
S325,3.86,4.09,5.72,4.71,5.81,28,14.7,male,Mixed
S326,2.15,6.42,6.52,2.57,4.95,46,83.7,female,Store
S327,5.51,3.3,3.18,4.7,2.59,50,45.6,female,Store
S328,5.96,3.58,3.54,6.33,3.06,26,37.4,female,Mixed
S329,3.42,5.44,4.9,2.9,4.83,46,63.0,male,Online
S330,5.13,1.68,2.75,5.51,1.53,18,28.6,female,Mixed
S331,2.38,6.23,4.63,2.37,3.33,53,56.1,female,Online
S332,4.12,6.47,4.34,3.62,4.91,52,52.4,male,Store
S333,6.81,1.39,4.23,5.43,2.82,31,34.4,female,Store
S334,2.97,4.89,6.21,5.67,6.55,26,47.0,female,Online
S335,3.63,6.72,5.74,3.08,5.23,49,65.2,female,Store
S336,5.71,2.67,3.5,5.2,4.82,39,22.7,male,Store
S337,3.27,2.76,5.7,5.04,6.85,26,48.9,female,Mixed
S338,4.21,3.11,3.68,6.37,5.97,25,47.3,male,Mixed
S339,1.95,3.58,7.0,5.83,5.66,22,41.2,male,Online
S340,3.08,7.0,4.99,4.06,2.76,43,52.6,male,Store
S341,2.68,5.46,5.92,3.63,3.36,51,54.8,female,Online
S342,3.19,6.65,4.97,4.22,4.57,51,56.7,male,Store
S343,3.31,3.4,4.46,5.64,5.52,32,49.9,male,Online
S344,5.92,3.24,2.53,5.25,3.13,38,50.7,male,Online
S345,3.32,7.0,6.63,2.71,2.95,50,64.5,female,Store
S346,3.83,6.0,5.33,3.04,4.57,58,40.4,male,Online
S347,3.7,7.0,6.06,1.96,4.37,44,39.2,female,Store
S348,1.9,5.53,6.15,1.84,4.17,46,66.0,female,Mixed
S349,4.34,6.17,5.49,2.6,4.46,28,65.0,male,Store
S350,6.11,1.86,3.61,4.07,2.51,54,25.1,male,Mixed
S351,6.86,1.67,2.54,4.33,4.0,18,19.3,male,Mixed
S352,5.63,3.24,3.59,5.28,2.71,25,42.6,female,Online
S353,2.47,6.34,4.93,2.37,4.49,53,60.7,male,Online
S354,4.73,3.71,6.34,5.68,6.01,36,58.7,male,Mixed
S355,2.65,6.48,4.55,2.2,4.44,26,48.4,male,Store
S356,7.0,2.87,3.92,4.94,3.04,35,31.6,female,Online
S357,3.07,7.0,4.2,2.12,5.47,42,54.6,male,Store
S358,5.88,1.98,3.38,3.85,3.69,33,42.1,female,Online
S359,5.15,2.53,4.24,4.69,2.79,31,34.2,male,Mixed
S360,5.36,1.86,2.76,4.26,2.6,26,16.6,female,Online
