RespID,PE1,PE2,PE3,PE4,EE1,EE2,EE3r,EE4,SI1,SI2,SI3,FC1,FC2,FC3,HM1,HM2,HM3,BI1,BI2,BI3,UB1,UB2,UB3,Gender,AgeGroup,Experience
R1,2,3.0,3.0,2.0,4,5,3.0,4.0,4,4.0,3,4.0,3.0,3,3.0,3.0,4,4.0,4,3,4,4.0,6,male,18-29,experienced
R2,1,1.0,1.0,1.0,1,1,1.0,1.0,2,2.0,1,3.0,2.0,2,3.0,3.0,3,3.0,2,3,5,5.0,4,male,45+,experienced
R3,1,2.0,2.0,2.0,4,5,5.0,5.0,2,1.0,2,4.0,5.0,3,5.0,5.0,5,4.0,4,2,3,3.0,4,female,30-44,novice
R4,3,3.0,3.0,4.0,5,5,3.0,5.0,4,3.0,3,5.0,5.0,4,5.0,5.0,4,3.0,3,3,6,7.0,7,female,18-29,experienced
R5,2,3.0,3.0,3.0,4,3,3.0,1.0,2,2.0,2,3.0,3.0,4,4.0,4.0,4,1.0,1,1,1,4.0,1,female,18-29,experienced
R6,2,2.0,3.0,3.0,5,5,5.0,5.0,4,4.0,3,5.0,5.0,5,3.0,4.0,2,3.0,4,4,5,6.0,6,female,45+,novice
R7,2,2.0,3.0,3.0,3,3,4.0,2.0,4,5.0,3,3.0,5.0,2,5.0,5.0,5,2.0,2,3,7,7.0,7,female,30-44,novice
R8,3,3.0,3.0,4.0,3,3,2.0,2.0,3,3.0,1,1.0,1.0,1,2.0,2.0,3,3.0,4,4,7,6.0,7,male,45+,experienced
R9,1,3.0,3.0,3.0,3,4,3.0,5.0,2,2.0,3,4.0,3.0,4,1.0,1.0,1,3.0,3,2,6,4.0,4,male,30-44,novice
R10,1,2.0,2.0,1.0,1,1,2.0,1.0,1,1.0,1,5.0,5.0,3,3.0,3.0,3,1.0,1,1,2,3.0,4,female,18-29,experienced
R11,1,1.0,2.0,1.0,1,3,2.0,2.0,2,1.0,3,2.0,3.0,3,5.0,5.0,4,3.0,1,2,2,4.0,2,male,18-29,novice
R12,3,4.0,3.0,4.0,3,3,4.0,3.0,4,5.0,3,3.0,3.0,4,5.0,5.0,5,3.0,2,3,4,1.0,2,female,30-44,novice
R13,3,3.0,3.0,3.0,3,3,3.0,3.0,3,3.0,3,3.0,3.0,3,3.0,3.0,3,3.0,3,3,3,3.0,3,female,30-44,novice
R14,5,5.0,5.0,5.0,5,5,3.0,4.0,4,4.0,4,5.0,5.0,5,2.0,2.0,3,5.0,5,5,6,5.0,7,female,18-29,experienced
R15,1,1.0,1.0,2.0,5,5,3.0,5.0,3,3.0,5,3.0,2.0,2,2.0,4.0,4,2.0,3,2,5,5.0,3,female,18-29,experienced
R16,4,3.0,3.0,3.0,3,4,3.0,3.0,5,5.0,5,3.0,2.0,5,4.0,4.0,5,5.0,3,5,3,3.0,4,female,30-44,novice
R17,2,2.0,4.0,2.0,3,3,3.0,3.0,5,5.0,3,3.0,3.0,3,2.0,1.0,2,4.0,3,4,3,4.0,6,male,30-44,novice
R18,3,1.0,1.0,2.0,1,3,2.0,2.0,3,2.0,2,2.0,5.0,3,2.0,2.0,2,3.0,3,5,4,5.0,4,male,18-29,experienced
R19,5,5.0,4.0,5.0,2,2,3.0,2.0,4,3.0,3,2.0,1.0,3,4.0,4.0,4,3.0,4,5,4,5.0,5,male,45+,experienced
R20,4,4.0,5.0,2.0,5,5,5.0,5.0,3,2.0,2,3.0,3.0,4,4.0,5.0,5,3.0,4,5,6,5.0,5,male,18-29,experienced
R21,4,2.0,2.0,3.0,2,2,2.0,1.0,3,3.0,2,4.0,4.0,4,2.0,3.0,4,1.0,1,1,3,2.0,3,female,45+,experienced
R22,4,4.0,4.0,5.0,2,1,2.0,3.0,3,5.0,3,1.0,1.0,1,5.0,5.0,5,4.0,3,3,5,3.0,5,male,45+,experienced
R23,2,2.0,2.0,1.0,4,4,3.0,5.0,3,3.0,2,3.0,4.0,3,4.0,5.0,3,1.0,3,3,1,3.0,2,male,45+,experienced
R24,4,4.0,4.0,3.0,5,5,5.0,5.0,4,2.0,3,3.0,3.0,3,5.0,5.0,5,4.0,3,3,5,5.0,4,male,18-29,experienced
R25,4,5.0,5.0,5.0,2,1,1.0,2.0,2,3.0,2,3.0,3.0,3,1.0,1.0,2,2.0,3,3,4,4.0,3,female,45+,novice
R26,3,3.0,4.0,5.0,3,2,1.0,1.0,3,4.0,3,3.0,3.0,3,1.0,1.0,2,3.0,3,4,2,4.0,1,female,18-29,experienced
R27,5,5.0,4.0,5.0,4,4,2.0,4.0,1,1.0,2,2.0,2.0,3,4.0,4.0,4,3.0,2,2,3,4.0,3,female,18-29,novice
R28,1,3.0,2.0,2.0,5,5,5.0,4.0,3,2.0,3,2.0,3.0,2,5.0,5.0,5,4.0,3,4,5,4.0,3,female,18-29,novice
R29,3,2.0,2.0,2.0,4,3,3.0,3.0,3,3.0,2,2.0,1.0,1,3.0,3.0,2,3.0,3,1,1,1.0,1,male,30-44,experienced
R30,1,1.0,1.0,1.0,1,2,1.0,3.0,2,3.0,3,2.0,1.0,1,3.0,4.0,4,2.0,3,3,2,3.0,4,male,18-29,experienced
R31,5,5.0,4.0,4.0,3,2,1.0,2.0,4,4.0,4,2.0,4.0,2,2.0,2.0,1,4.0,5,4,4,5.0,3,male,45+,experienced
R32,5,4.0,3.0,5.0,4,4,5.0,4.0,2,2.0,3,2.0,2.0,3,5.0,5.0,5,3.0,5,2,5,6.0,4,female,18-29,novice
R33,4,2.0,4.0,3.0,4,5,3.0,5.0,1,1.0,1,2.0,1.0,2,5.0,5.0,5,2.0,3,3,2,1.0,3,female,30-44,novice
R34,4,4.0,3.0,3.0,1,1,2.0,1.0,3,3.0,3,5.0,5.0,5,3.0,4.0,4,3.0,3,4,7,5.0,4,female,45+,novice
R35,5,5.0,5.0,5.0,3,4,4.0,5.0,5,5.0,5,5.0,5.0,4,5.0,5.0,5,5.0,5,5,7,7.0,7,female,18-29,experienced
R36,5,5.0,5.0,5.0,5,5,5.0,4.0,5,4.0,3,4.0,3.0,4,3.0,3.0,4,3.0,4,4,5,4.0,7,male,30-44,novice
R37,4,3.0,4.0,5.0,5,5,5.0,5.0,5,5.0,5,5.0,5.0,5,5.0,5.0,5,5.0,5,5,6,6.0,6,male,30-44,experienced
R38,5,4.0,4.0,3.0,2,4,3.0,2.0,3,3.0,1,1.0,1.0,1,2.0,3.0,3,2.0,3,3,5,5.0,5,male,45+,novice
R39,3,3.0,3.0,3.0,3,2,4.0,3.0,3,4.0,3,5.0,4.0,4,3.0,2.0,2,4.0,3,4,5,3.0,4,female,30-44,novice
R40,5,5.0,3.0,4.0,4,4,5.0,5.0,4,5.0,4,4.0,4.0,3,3.0,3.0,3,3.0,2,3,3,3.0,2,female,45+,novice
R41,3,2.0,4.0,3.0,2,1,3.0,1.0,3,3.0,4,4.0,3.0,4,2.0,1.0,1,4.0,3,4,4,4.0,4,male,45+,novice
R42,5,4.0,4.0,5.0,4,4,5.0,3.0,3,4.0,3,2.0,2.0,4,3.0,3.0,2,3.0,4,3,4,5.0,4,male,30-44,experienced
R43,5,5.0,5.0,5.0,2,2,3.0,2.0,3,4.0,4,2.0,3.0,3,2.0,2.0,2,3.0,4,4,5,5.0,4,male,18-29,experienced
R44,2,3.0,1.0,1.0,2,3,3.0,3.0,2,3.0,2,1.0,1.0,1,2.0,2.0,4,2.0,2,3,4,4.0,5,male,18-29,experienced
R45,3,4.0,5.0,3.0,4,5,4.0,2.0,5,5.0,5,4.0,4.0,4,5.0,4.0,5,4.0,4,4,7,7.0,6,female,18-29,experienced
R46,3,3.0,2.0,3.0,3,3,3.0,3.0,4,5.0,5,4.0,5.0,4,5.0,5.0,4,4.0,4,3,3,4.0,5,male,45+,novice
R47,5,5.0,5.0,5.0,5,4,5.0,3.0,5,5.0,5,2.0,3.0,3,3.0,4.0,3,5.0,5,5,6,6.0,7,female,18-29,experienced
R48,5,4.0,5.0,4.0,5,5,5.0,5.0,5,5.0,5,5.0,5.0,5,3.0,4.0,3,5.0,5,5,7,7.0,7,female,45+,experienced
R49,1,3.0,3.0,3.0,4,5,4.0,5.0,1,1.0,1,4.0,5.0,4,4.0,3.0,3,2.0,2,1,6,5.0,5,male,18-29,experienced
R50,4,5.0,4.0,5.0,3,4,5.0,4.0,1,3.0,3,5.0,5.0,5,5.0,4.0,5,4.0,3,3,5,5.0,6,female,18-29,novice
R51,1,2.0,2.0,1.0,3,4,2.0,2.0,3,3.0,2,5.0,3.0,3,1.0,2.0,2,1.0,2,3,2,5.0,2,female,18-29,experienced
R52,5,5.0,5.0,5.0,2,3,2.0,3.0,3,3.0,2,4.0,5.0,4,3.0,2.0,3,2.0,2,2,1,1.0,1,male,18-29,novice
R53,4,4.0,4.0,3.0,2,2,2.0,3.0,1,1.0,2,4.0,4.0,5,5.0,5.0,5,5.0,5,3,6,4.0,6,female,18-29,experienced
R54,1,2.0,2.0,2.0,1,3,2.0,1.0,2,3.0,1,1.0,2.0,1,4.0,5.0,3,2.0,2,2,5,6.0,6,male,30-44,experienced
R55,2,1.0,3.0,2.0,4,5,5.0,4.0,3,2.0,2,3.0,4.0,4,4.0,3.0,4,4.0,4,4,3,3.0,3,female,45+,novice
R56,1,2.0,2.0,1.0,5,4,3.0,5.0,1,1.0,1,3.0,4.0,3,3.0,4.0,3,3.0,4,4,7,7.0,7,female,30-44,novice
R57,1,1.0,2.0,3.0,1,1,1.0,2.0,2,1.0,2,1.0,2.0,2,3.0,4.0,3,1.0,2,1,2,5.0,3,male,30-44,experienced
R58,2,3.0,3.0,2.0,3,3,3.0,3.0,2,3.0,4,4.0,3.0,3,2.0,2.0,2,1.0,2,2,1,1.0,2,male,45+,experienced
R59,4,3.0,4.0,5.0,3,4,3.0,4.0,5,4.0,4,2.0,3.0,3,4.0,4.0,5,4.0,4,5,5,7.0,5,female,18-29,experienced
R60,1,2.0,1.0,1.0,1,1,2.0,2.0,3,1.0,1,3.0,2.0,2,1.0,1.0,1,1.0,1,2,1,1.0,1,female,30-44,experienced
R61,2,2.0,4.0,3.0,4,5,5.0,4.0,3,4.0,5,1.0,1.0,1,5.0,5.0,4,5.0,4,4,3,1.0,2,male,45+,novice
R62,1,1.0,1.0,2.0,2,3,3.0,3.0,2,3.0,3,4.0,3.0,4,5.0,5.0,5,2.0,4,4,5,5.0,3,male,30-44,experienced
R63,2,3.0,4.0,3.0,4,3,4.0,4.0,5,5.0,5,4.0,3.0,3,5.0,5.0,5,4.0,3,4,4,6.0,4,male,30-44,novice
R64,3,4.0,1.0,3.0,3,4,3.0,3.0,4,3.0,3,4.0,3.0,3,3.0,3.0,4,4.0,4,5,3,4.0,4,male,30-44,experienced
R65,4,2.0,2.0,3.0,1,1,1.0,2.0,2,2.0,1,4.0,4.0,4,4.0,5.0,4,3.0,2,2,2,3.0,2,male,18-29,novice
R66,4,5.0,5.0,5.0,3,4,3.0,2.0,1,3.0,3,4.0,3.0,3,3.0,2.0,3,4.0,4,4,7,7.0,6,female,30-44,novice
R67,3,2.0,3.0,2.0,3,3,3.0,4.0,5,3.0,3,3.0,3.0,3,3.0,4.0,3,2.0,2,2,3,3.0,2,male,45+,experienced
R68,4,4.0,3.0,4.0,3,4,4.0,5.0,4,4.0,4,4.0,5.0,4,3.0,5.0,4,4.0,5,4,5,4.0,4,male,45+,experienced
R69,5,4.0,4.0,4.0,4,3,4.0,3.0,5,5.0,5,4.0,3.0,2,5.0,4.0,5,5.0,5,4,5,7.0,7,male,30-44,experienced
R70,3,2.0,2.0,2.0,3,3,3.0,3.0,4,2.0,4,1.0,1.0,2,5.0,5.0,5,2.0,1,2,4,2.0,3,female,18-29,experienced
R71,5,3.0,4.0,5.0,3,4,3.0,2.0,3,3.0,4,5.0,4.0,2,3.0,2.0,4,3.0,3,2,4,5.0,4,male,30-44,novice
R72,2,3.0,2.0,3.0,5,5,3.0,4.0,3,3.0,3,3.0,2.0,3,2.0,2.0,1,2.0,2,1,4,3.0,2,male,45+,experienced
R73,3,3.0,3.0,4.0,4,2,1.0,2.0,3,1.0,2,2.0,5.0,4,4.0,3.0,4,2.0,3,3,3,4.0,4,male,45+,novice
R74,2,3.0,2.0,2.0,3,2,3.0,2.0,3,4.0,3,4.0,4.0,3,4.0,3.0,3,2.0,3,2,5,5.0,5,male,18-29,novice
R75,5,5.0,5.0,5.0,4,4,5.0,3.0,4,3.0,3,2.0,2.0,2,5.0,5.0,5,4.0,4,5,4,7.0,6,female,45+,experienced
R76,2,3.0,3.0,4.0,1,2,3.0,2.0,4,4.0,3,4.0,4.0,5,1.0,2.0,2,5.0,5,4,7,7.0,7,male,30-44,novice
R77,5,4.0,3.0,3.0,4,3,5.0,4.0,4,4.0,3,4.0,5.0,5,4.0,3.0,3,4.0,4,4,5,4.0,7,female,45+,experienced
R78,4,5.0,5.0,4.0,4,3,3.0,3.0,1,1.0,1,3.0,2.0,2,3.0,4.0,4,4.0,3,4,1,1.0,2,male,18-29,novice
R79,3,4.0,1.0,2.0,4,4,4.0,5.0,3,4.0,3,3.0,2.0,4,1.0,1.0,3,2.0,2,3,6,3.0,4,male,45+,experienced
R80,5,4.0,3.0,4.0,3,2,2.0,3.0,3,2.0,2,2.0,1.0,2,1.0,2.0,1,4.0,4,4,4,6.0,5,female,45+,experienced
R81,2,2.0,2.0,3.0,4,5,5.0,4.0,1,2.0,2,5.0,5.0,4,1.0,1.0,2,3.0,3,2,5,4.0,3,female,18-29,experienced
R82,3,4.0,4.0,4.0,5,5,5.0,5.0,5,5.0,5,2.0,3.0,3,1.0,1.0,1,3.0,5,4,5,7.0,4,male,30-44,novice
R83,5,5.0,4.0,4.0,3,2,1.0,1.0,3,3.0,3,5.0,5.0,3,2.0,2.0,2,2.0,2,2,5,4.0,2,female,18-29,novice
R84,3,3.0,3.0,3.0,3,3,2.0,3.0,2,4.0,4,3.0,2.0,3,1.0,2.0,2,3.0,1,1,3,3.0,3,male,30-44,experienced
R85,4,4.0,4.0,5.0,3,1,1.0,2.0,4,4.0,3,5.0,4.0,3,2.0,2.0,3,3.0,3,4,5,6.0,5,male,30-44,experienced
R86,3,4.0,2.0,2.0,5,3,4.0,3.0,5,5.0,4,5.0,3.0,3,1.0,1.0,2,3.0,5,4,3,5.0,3,male,30-44,novice
R87,4,2.0,3.0,3.0,3,1,3.0,2.0,5,4.0,4,2.0,3.0,4,4.0,4.0,2,4.0,5,4,6,5.0,7,male,45+,novice
R88,3,2.0,3.0,3.0,2,1,3.0,2.0,1,3.0,2,4.0,3.0,4,3.0,2.0,3,3.0,3,3,4,6.0,5,male,45+,novice
R89,5,5.0,5.0,4.0,4,4,3.0,4.0,3,5.0,4,2.0,2.0,2,5.0,5.0,5,4.0,3,3,1,1.0,2,male,18-29,novice
R90,4,3.0,4.0,2.0,4,4,4.0,4.0,2,2.0,2,4.0,2.0,1,3.0,3.0,3,3.0,3,3,1,1.0,1,female,45+,novice
R91,5,5.0,5.0,5.0,3,2,3.0,3.0,5,5.0,5,4.0,1.0,2,2.0,3.0,2,4.0,4,5,4,4.0,7,male,30-44,novice
R92,3,3.0,3.0,3.0,3,4,3.0,4.0,1,1.0,2,4.0,4.0,3,2.0,2.0,2,3.0,3,3,4,4.0,4,female,18-29,experienced
R93,4,3.0,3.0,4.0,5,4,3.0,3.0,2,3.0,4,2.0,5.0,4,5.0,5.0,4,4.0,4,4,6,7.0,5,male,18-29,novice
R94,1,1.0,1.0,2.0,1,2,2.0,2.0,3,3.0,2,2.0,3.0,2,2.0,3.0,1,1.0,1,1,2,2.0,4,male,30-44,experienced
R95,5,5.0,5.0,5.0,5,5,5.0,5.0,3,3.0,3,3.0,5.0,4,2.0,3.0,3,5.0,5,5,5,6.0,7,male,45+,experienced
R96,2,2.0,2.0,2.0,1,1,1.0,1.0,2,1.0,2,3.0,3.0,3,4.0,4.0,5,1.0,2,2,6,6.0,5,female,45+,experienced
R97,5,5.0,5.0,4.0,4,4,5.0,4.0,5,4.0,5,5.0,5.0,5,2.0,4.0,3,5.0,5,5,5,7.0,5,male,18-29,experienced
R98,2,4.0,2.0,2.0,5,5,3.0,3.0,2,2.0,3,3.0,3.0,3,4.0,4.0,3,2.0,2,2,3,3.0,5,male,30-44,novice
R99,5,5.0,5.0,5.0,3,4,4.0,4.0,4,5.0,5,5.0,3.0,4,5.0,5.0,4,5.0,5,5,6,5.0,7,female,45+,experienced
R100,3,2.0,1.0,2.0,2,3,2.0,3.0,4,5.0,5,3.0,3.0,1,2.0,1.0,2,4.0,3,4,4,4.0,5,female,30-44,novice
R101,3,5.0,5.0,4.0,5,5,4.0,5.0,1,2.0,3,5.0,5.0,5,4.0,4.0,4,4.0,4,3,6,7.0,7,male,45+,novice
R102,1,1.0,1.0,1.0,2,2,3.0,1.0,2,2.0,1,4.0,5.0,4,4.0,5.0,2,2.0,2,1,7,7.0,7,female,30-44,experienced
R103,1,1.0,3.0,2.0,2,2,3.0,2.0,4,4.0,4,2.0,1.0,2,2.0,1.0,2,3.0,3,3,1,1.0,1,female,18-29,experienced
R104,3,3.0,3.0,3.0,3,3,3.0,3.0,3,3.0,3,3.0,3.0,3,3.0,3.0,3,3.0,3,3,3,3.0,3,female,30-44,experienced
R105,3,4.0,4.0,4.0,4,1,4.0,3.0,1,1.0,2,3.0,4.0,4,2.0,3.0,3,4.0,4,3,7,5.0,7,female,30-44,novice
R106,4,5.0,3.0,4.0,1,1,1.0,1.0,4,4.0,4,2.0,3.0,4,1.0,1.0,1,3.0,3,4,5,3.0,3,male,45+,experienced
R107,3,1.0,1.0,1.0,3,1,1.0,1.0,4,2.0,3,5.0,4.0,3,1.0,1.0,1,3.0,2,3,3,3.0,4,male,18-29,experienced
R108,4,4.0,4.0,3.0,3,4,2.0,4.0,2,4.0,3,2.0,1.0,3,5.0,4.0,3,3.0,3,2,5,3.0,4,female,18-29,novice
R109,1,2.0,3.0,2.0,1,1,2.0,4.0,2,3.0,3,5.0,5.0,3,4.0,4.0,4,4.0,4,4,6,4.0,7,female,30-44,novice
R110,5,4.0,4.0,4.0,5,4,4.0,4.0,2,3.0,2,4.0,5.0,5,2.0,2.0,2,4.0,5,5,6,6.0,4,female,30-44,experienced
R111,5,5.0,5.0,5.0,4,3,4.0,4.0,3,3.0,2,1.0,3.0,2,5.0,5.0,5,5.0,5,5,7,7.0,7,female,30-44,experienced
R112,5,5.0,5.0,4.0,5,2,4.0,4.0,4,3.0,3,3.0,2.0,2,3.0,4.0,4,3.0,2,4,4,4.0,2,female,45+,experienced
R113,1,2.0,3.0,3.0,3,2,2.0,2.0,5,5.0,4,4.0,3.0,2,2.0,2.0,2,3.0,5,3,5,6.0,6,female,30-44,novice
R114,3,5.0,4.0,5.0,2,4,2.0,4.0,3,3.0,3,4.0,3.0,4,4.0,3.0,3,3.0,4,3,1,3.0,1,male,30-44,experienced
R115,4,5.0,5.0,4.0,4,4,3.0,3.0,2,3.0,3,2.0,1.0,1,3.0,2.0,3,3.0,3,2,1,2.0,1,male,45+,experienced
R116,3,3.0,4.0,3.0,5,5,5.0,5.0,3,4.0,3,3.0,5.0,5,5.0,5.0,4,4.0,3,3,4,5.0,5,male,30-44,experienced
R117,4,5.0,5.0,5.0,3,3,3.0,2.0,2,2.0,3,3.0,3.0,3,1.0,1.0,1,4.0,4,5,4,4.0,2,female,45+,experienced
R118,1,1.0,1.0,1.0,3,4,4.0,4.0,2,2.0,1,1.0,1.0,3,4.0,4.0,3,2.0,1,2,1,1.0,2,female,30-44,experienced
R119,5,5.0,5.0,3.0,3,3,3.0,3.0,3,3.0,3,1.0,1.0,1,4.0,4.0,3,3.0,2,2,1,1.0,1,female,30-44,novice
R120,2,2.0,2.0,1.0,3,3,2.0,2.0,2,3.0,3,5.0,3.0,5,3.0,2.0,3,1.0,1,1,5,4.0,4,male,18-29,experienced
R121,5,5.0,3.0,4.0,5,5,5.0,3.0,5,4.0,4,2.0,5.0,5,5.0,4.0,4,4.0,4,3,7,7.0,6,male,18-29,novice
R122,3,3.0,3.0,2.0,5,5,4.0,3.0,1,2.0,1,3.0,4.0,4,5.0,5.0,5,2.0,1,2,3,1.0,2,male,30-44,novice
R123,3,4.0,4.0,4.0,1,1,2.0,1.0,4,4.0,2,2.0,2.0,3,1.0,1.0,2,2.0,3,3,2,1.0,1,female,18-29,experienced
R124,4,3.0,3.0,3.0,1,1,1.0,2.0,2,2.0,4,4.0,4.0,3,4.0,4.0,4,3.0,2,3,5,3.0,4,male,18-29,experienced
R125,2,1.0,2.0,1.0,1,1,1.0,1.0,2,1.0,1,3.0,2.0,4,1.0,1.0,2,1.0,1,1,1,1.0,1,male,30-44,experienced
R126,3,4.0,2.0,2.0,5,4,3.0,4.0,2,3.0,5,3.0,4.0,4,4.0,4.0,4,4.0,3,4,5,4.0,4,female,30-44,experienced
R127,2,3.0,2.0,3.0,3,1,3.0,1.0,4,5.0,3,4.0,5.0,5,1.0,1.0,2,4.0,3,4,7,7.0,7,male,18-29,novice
R128,3,3.0,3.0,3.0,1,2,2.0,2.0,5,4.0,4,2.0,3.0,4,3.0,2.0,2,3.0,3,2,6,6.0,6,male,18-29,novice
R129,3,3.0,4.0,2.0,2,3,3.0,4.0,2,2.0,1,1.0,2.0,2,4.0,4.0,4,5.0,4,4,6,4.0,4,female,30-44,novice
R130,1,1.0,2.0,1.0,1,1,3.0,1.0,1,2.0,3,2.0,1.0,1,1.0,1.0,1,2.0,1,1,3,4.0,3,female,30-44,experienced
R131,4,5.0,4.0,5.0,4,4,5.0,3.0,2,3.0,5,2.0,3.0,2,1.0,2.0,2,3.0,4,4,3,5.0,3,female,30-44,novice
R132,5,5.0,5.0,5.0,5,5,5.0,5.0,3,4.0,4,5.0,5.0,5,5.0,5.0,5,5.0,5,4,3,4.0,5,male,18-29,experienced
R133,2,1.0,3.0,1.0,2,3,3.0,3.0,1,2.0,1,2.0,2.0,1,3.0,4.0,4,1.0,3,3,4,6.0,3,female,45+,experienced
R134,1,1.0,1.0,2.0,3,3,3.0,2.0,2,1.0,1,1.0,2.0,3,4.0,3.0,4,1.0,1,1,1,1.0,1,female,18-29,experienced
R135,5,5.0,5.0,3.0,3,3,3.0,2.0,4,5.0,3,4.0,4.0,3,4.0,2.0,3,3.0,3,2,2,4.0,5,male,18-29,experienced
R136,5,5.0,5.0,5.0,3,5,5.0,4.0,3,4.0,3,4.0,5.0,3,5.0,5.0,5,5.0,5,5,7,7.0,7,female,30-44,experienced
R137,3,2.0,4.0,4.0,4,3,2.0,2.0,3,3.0,5,5.0,5.0,5,3.0,3.0,4,4.0,4,3,4,4.0,5,female,30-44,novice
R138,5,5.0,5.0,5.0,1,3,2.0,2.0,3,3.0,4,1.0,4.0,1,3.0,2.0,4,3.0,4,4,3,3.0,1,female,45+,novice
R139,5,5.0,5.0,5.0,5,5,5.0,5.0,5,5.0,5,5.0,3.0,5,4.0,4.0,3,5.0,5,5,7,7.0,7,male,18-29,experienced
R140,5,4.0,3.0,4.0,5,5,5.0,5.0,3,3.0,2,4.0,4.0,5,5.0,4.0,5,5.0,4,5,1,3.0,2,male,18-29,experienced
R141,5,5.0,5.0,5.0,5,5,3.0,4.0,2,3.0,3,4.0,5.0,4,4.0,4.0,2,5.0,5,5,6,5.0,6,female,18-29,experienced
R142,3,3.0,5.0,3.0,5,3,4.0,4.0,3,4.0,4,3.0,4.0,2,3.0,3.0,3,5.0,4,3,2,2.0,1,female,45+,experienced
R143,5,5.0,4.0,5.0,5,5,5.0,5.0,4,3.0,4,4.0,5.0,4,5.0,4.0,4,5.0,5,5,6,7.0,6,female,18-29,experienced
R144,3,4.0,4.0,4.0,3,5,4.0,5.0,4,3.0,2,3.0,3.0,3,4.0,5.0,5,2.0,2,3,5,6.0,5,male,45+,novice
R145,2,3.0,3.0,2.0,2,5,4.0,5.0,4,4.0,5,5.0,5.0,5,4.0,4.0,5,4.0,5,3,7,7.0,7,male,18-29,novice
R146,2,2.0,3.0,3.0,3,3,4.0,2.0,4,3.0,3,2.0,4.0,2,2.0,3.0,2,5.0,5,4,2,2.0,1,female,30-44,experienced
R147,2,1.0,2.0,2.0,4,5,4.0,3.0,3,1.0,2,3.0,4.0,4,2.0,2.0,3,4.0,3,4,4,6.0,2,female,45+,experienced
R148,3,5.0,4.0,3.0,3,4,4.0,2.0,4,5.0,5,4.0,5.0,4,3.0,3.0,2,5.0,4,5,6,5.0,7,male,30-44,experienced
R149,4,4.0,3.0,4.0,3,3,3.0,5.0,3,3.0,4,1.0,1.0,2,3.0,3.0,3,5.0,4,5,6,5.0,5,female,30-44,experienced
R150,1,1.0,2.0,1.0,1,1,1.0,1.0,2,3.0,3,5.0,5.0,5,3.0,4.0,3,2.0,2,2,1,2.0,2,female,45+,experienced
R151,2,1.0,2.0,1.0,3,4,4.0,3.0,3,2.0,2,3.0,3.0,3,2.0,3.0,3,1.0,2,3,4,7.0,7,male,30-44,experienced
R152,2,1.0,2.0,1.0,4,3,4.0,3.0,2,1.0,3,3.0,4.0,3,4.0,5.0,4,2.0,1,1,3,3.0,2,female,45+,experienced
R153,5,5.0,5.0,5.0,5,4,3.0,5.0,5,4.0,5,2.0,2.0,4,1.0,3.0,3,4.0,4,3,2,2.0,4,male,18-29,experienced
R154,5,5.0,5.0,5.0,5,5,5.0,5.0,4,5.0,5,4.0,3.0,3,4.0,3.0,5,4.0,4,4,7,7.0,7,male,30-44,experienced
R155,5,5.0,5.0,5.0,5,5,5.0,5.0,5,5.0,5,5.0,5.0,5,5.0,5.0,5,5.0,5,5,7,5.0,7,female,30-44,experienced
R156,3,2.0,3.0,4.0,3,1,2.0,4.0,3,3.0,3,3.0,3.0,3,2.0,2.0,2,1.0,1,2,2,3.0,3,female,45+,experienced
R157,1,2.0,1.0,1.0,1,1,1.0,1.0,2,4.0,2,2.0,2.0,2,1.0,1.0,1,1.0,1,1,2,1.0,1,female,18-29,experienced
R158,1,1.0,1.0,1.0,3,2,3.0,1.0,5,4.0,4,3.0,4.0,4,2.0,1.0,2,2.0,2,2,7,6.0,7,male,45+,experienced
R159,5,4.0,4.0,5.0,2,3,2.0,2.0,3,3.0,3,2.0,4.0,3,3.0,2.0,2,5.0,5,5,5,7.0,6,male,30-44,experienced
R160,4,4.0,5.0,4.0,3,3,4.0,3.0,4,3.0,3,1.0,3.0,3,1.0,1.0,1,2.0,2,3,4,2.0,4,female,45+,novice
R161,1,1.0,2.0,2.0,4,2,4.0,3.0,5,5.0,5,5.0,4.0,5,3.0,2.0,2,2.0,3,2,5,4.0,2,female,30-44,experienced
R162,5,5.0,5.0,5.0,5,5,5.0,5.0,5,3.0,4,3.0,3.0,3,3.0,3.0,4,3.0,4,3,5,5.0,7,female,30-44,experienced
R163,3,3.0,1.0,1.0,1,2,2.0,2.0,2,3.0,2,2.0,3.0,2,3.0,2.0,4,3.0,3,2,5,3.0,5,female,45+,experienced
R164,1,3.0,3.0,2.0,3,3,3.0,2.0,1,2.0,2,1.0,1.0,1,3.0,5.0,3,2.0,2,3,1,1.0,3,female,18-29,novice
R165,5,4.0,4.0,4.0,3,4,1.0,4.0,1,3.0,1,3.0,2.0,1,5.0,5.0,5,5.0,4,4,4,5.0,5,female,18-29,experienced
R166,4,5.0,4.0,4.0,2,1,4.0,2.0,4,2.0,3,1.0,2.0,2,4.0,4.0,4,5.0,5,5,3,2.0,4,female,30-44,experienced
R167,4,4.0,5.0,4.0,4,3,3.0,3.0,3,3.0,5,1.0,2.0,1,5.0,4.0,5,5.0,5,4,7,7.0,6,male,45+,novice
R168,5,5.0,5.0,5.0,4,4,5.0,4.0,4,5.0,5,5.0,3.0,5,4.0,4.0,4,5.0,3,4,6,6.0,6,female,45+,experienced
R169,3,2.0,2.0,1.0,2,2,3.0,3.0,5,5.0,5,2.0,1.0,1,3.0,4.0,3,3.0,2,1,3,3.0,2,female,30-44,experienced
R170,2,2.0,3.0,2.0,5,4,4.0,4.0,2,3.0,2,3.0,5.0,4,2.0,1.0,2,3.0,3,4,6,7.0,6,male,30-44,experienced
R171,3,2.0,3.0,2.0,5,5,3.0,5.0,5,4.0,5,5.0,5.0,5,3.0,3.0,3,2.0,2,4,7,5.0,5,male,30-44,experienced
R172,4,3.0,3.0,3.0,3,3,3.0,2.0,3,1.0,3,2.0,1.0,2,4.0,4.0,4,2.0,3,3,5,6.0,6,male,18-29,experienced
R173,4,3.0,4.0,3.0,4,4,4.0,5.0,2,2.0,4,3.0,4.0,4,3.0,3.0,3,3.0,2,4,7,3.0,6,male,45+,novice
R174,3,4.0,3.0,3.0,1,1,4.0,3.0,1,2.0,3,3.0,4.0,2,3.0,3.0,4,2.0,4,4,1,1.0,1,female,45+,novice
R175,2,2.0,3.0,3.0,1,1,2.0,2.0,5,4.0,5,3.0,1.0,2,1.0,1.0,1,3.0,2,1,5,4.0,5,male,18-29,novice
R176,5,5.0,5.0,5.0,4,3,3.0,5.0,1,1.0,2,2.0,3.0,2,5.0,5.0,5,4.0,4,4,7,6.0,6,male,18-29,experienced
R177,5,5.0,4.0,4.0,5,4,4.0,5.0,4,2.0,3,5.0,4.0,4,4.0,3.0,5,5.0,4,3,7,7.0,7,female,30-44,novice
R178,2,1.0,3.0,1.0,1,1,1.0,1.0,4,3.0,5,1.0,1.0,1,1.0,2.0,2,2.0,3,3,4,6.0,4,female,45+,experienced
R179,4,3.0,2.0,3.0,1,1,1.0,1.0,4,4.0,5,2.0,1.0,3,3.0,2.0,3,4.0,4,4,3,5.0,4,female,30-44,novice
R180,1,1.0,2.0,1.0,4,3,3.0,3.0,3,4.0,3,3.0,3.0,2,5.0,5.0,5,3.0,2,1,3,2.0,1,male,45+,experienced
R181,1,2.0,2.0,2.0,2,3,3.0,2.0,1,1.0,3,4.0,5.0,5,3.0,2.0,2,3.0,2,4,2,4.0,1,male,45+,novice
R182,3,3.0,3.0,4.0,5,4,5.0,4.0,1,1.0,1,5.0,4.0,4,5.0,5.0,5,2.0,3,3,3,4.0,6,female,30-44,novice
R183,5,3.0,3.0,3.0,2,2,5.0,3.0,4,5.0,5,2.0,3.0,2,4.0,5.0,4,4.0,5,4,5,5.0,7,female,30-44,novice
R184,3,4.0,3.0,3.0,1,1,1.0,2.0,5,4.0,4,3.0,2.0,2,1.0,1.0,2,2.0,3,4,1,3.0,3,male,18-29,novice
R185,3,3.0,3.0,2.0,5,5,5.0,4.0,3,2.0,2,4.0,4.0,3,2.0,3.0,2,3.0,3,3,3,3.0,4,female,18-29,experienced
R186,5,5.0,5.0,5.0,3,2,3.0,3.0,4,3.0,3,2.0,4.0,4,3.0,3.0,3,4.0,4,3,7,5.0,5,male,45+,experienced
R187,4,3.0,2.0,3.0,2,2,2.0,2.0,4,4.0,3,3.0,2.0,3,1.0,1.0,1,3.0,3,3,4,5.0,6,female,30-44,novice
R188,4,4.0,2.0,3.0,4,4,4.0,2.0,2,2.0,2,5.0,4.0,4,2.0,2.0,3,3.0,4,4,7,7.0,7,female,18-29,experienced
R189,5,5.0,5.0,5.0,3,3,2.0,3.0,4,5.0,4,4.0,5.0,5,1.0,1.0,1,4.0,5,5,5,4.0,6,female,18-29,experienced
R190,4,4.0,5.0,5.0,3,3,4.0,3.0,5,5.0,5,3.0,3.0,3,3.0,4.0,4,5.0,5,5,6,5.0,5,male,18-29,experienced
R191,1,1.0,1.0,1.0,1,1,1.0,2.0,4,4.0,3,4.0,3.0,3,2.0,4.0,4,2.0,2,1,3,4.0,6,male,30-44,experienced
R192,3,3.0,4.0,4.0,5,3,4.0,4.0,3,4.0,3,4.0,3.0,4,5.0,5.0,5,5.0,5,5,5,5.0,5,male,45+,experienced
R193,4,5.0,4.0,4.0,5,5,4.0,5.0,4,3.0,3,4.0,3.0,4,3.0,3.0,4,5.0,4,3,6,5.0,4,male,18-29,experienced
R194,3,3.0,3.0,3.0,3,3,3.0,3.0,3,3.0,3,3.0,3.0,3,3.0,3.0,3,3.0,3,3,3,3.0,3,male,45+,novice
R195,4,3.0,3.0,5.0,5,5,5.0,5.0,4,5.0,4,4.0,5.0,5,4.0,4.0,4,5.0,5,5,4,7.0,7,male,18-29,experienced
R196,4,3.0,3.0,4.0,1,1,2.0,2.0,5,5.0,5,1.0,1.0,2,4.0,5.0,3,4.0,4,4,3,4.0,4,female,45+,experienced
R197,3,5.0,5.0,5.0,4,3,4.0,5.0,5,4.0,4,5.0,4.0,4,3.0,3.0,3,4.0,5,4,3,4.0,2,male,45+,novice
R198,5,5.0,4.0,5.0,4,5,3.0,3.0,4,4.0,5,3.0,3.0,4,3.0,4.0,3,5.0,5,4,5,7.0,5,female,30-44,experienced
R199,5,4.0,4.0,3.0,3,3,4.0,3.0,3,3.0,3,4.0,2.0,5,2.0,3.0,3,4.0,4,3,5,5.0,4,male,30-44,experienced
R200,1,1.0,1.0,1.0,2,3,3.0,3.0,1,1.0,1,3.0,5.0,4,1.0,1.0,1,1.0,1,1,4,4.0,3,female,45+,experienced
R201,2,4.0,2.0,3.0,4,5,4.0,4.0,4,5.0,4,2.0,3.0,4,4.0,3.0,3,3.0,4,4,7,4.0,4,male,18-29,novice
R202,3,5.0,4.0,4.0,2,1,2.0,1.0,4,3.0,2,4.0,5.0,4,2.0,1.0,2,1.0,1,1,4,4.0,4,female,45+,novice
R203,4,3.0,2.0,3.0,1,3,1.0,2.0,1,1.0,3,3.0,2.0,1,3.0,3.0,3,3.0,2,4,4,5.0,6,male,45+,experienced
R204,3,4.0,3.0,4.0,2,3,2.0,1.0,4,3.0,1,4.0,5.0,5,2.0,2.0,3,3.0,3,4,5,5.0,5,female,45+,novice
R205,3,2.0,3.0,2.0,4,3,3.0,4.0,3,4.0,4,1.0,2.0,1,2.0,2.0,1,4.0,3,5,7,4.0,6,female,45+,novice
R206,2,1.0,1.0,1.0,5,5,3.0,5.0,2,2.0,2,5.0,5.0,5,4.0,3.0,3,3.0,3,2,7,6.0,6,male,30-44,experienced
R207,3,2.0,2.0,3.0,3,4,3.0,2.0,3,4.0,4,1.0,1.0,1,5.0,3.0,4,3.0,2,2,4,5.0,6,female,30-44,experienced
R208,4,5.0,5.0,4.0,2,3,2.0,2.0,2,2.0,2,3.0,4.0,3,3.0,5.0,4,4.0,3,5,3,5.0,5,female,30-44,experienced
R209,5,5.0,5.0,4.0,5,5,5.0,5.0,3,3.0,3,4.0,2.0,2,4.0,3.0,2,5.0,5,5,5,7.0,6,male,18-29,experienced
R210,3,4.0,3.0,4.0,5,5,5.0,4.0,5,3.0,3,1.0,2.0,1,5.0,5.0,5,5.0,5,5,4,4.0,2,male,45+,novice
R211,2,2.0,2.0,2.0,4,2,2.0,1.0,3,2.0,2,3.0,5.0,4,5.0,4.0,4,4.0,3,3,7,7.0,7,male,18-29,experienced
R212,3,2.0,4.0,4.0,3,2,3.0,3.0,5,5.0,5,5.0,5.0,5,1.0,2.0,1,4.0,4,3,7,6.0,7,female,18-29,novice
R213,1,1.0,2.0,1.0,2,2,2.0,2.0,5,5.0,5,1.0,2.0,1,5.0,5.0,4,4.0,3,3,5,4.0,3,female,45+,experienced
R214,3,2.0,3.0,2.0,3,2,4.0,3.0,3,2.0,2,4.0,5.0,5,4.0,4.0,4,2.0,2,1,4,5.0,4,male,45+,experienced
R215,4,4.0,4.0,5.0,3,3,4.0,2.0,2,3.0,2,4.0,4.0,5,5.0,5.0,5,4.0,4,4,3,2.0,2,male,18-29,experienced
R216,5,5.0,5.0,5.0,3,3,4.0,3.0,5,5.0,5,5.0,2.0,5,4.0,2.0,4,4.0,4,4,6,6.0,6,female,45+,experienced
R217,5,4.0,4.0,4.0,5,5,5.0,5.0,3,3.0,4,5.0,5.0,5,1.0,3.0,4,4.0,3,3,6,6.0,6,female,45+,experienced
R218,2,2.0,2.0,2.0,4,2,4.0,5.0,2,1.0,3,1.0,3.0,2,3.0,3.0,3,2.0,2,2,5,5.0,6,male,45+,novice
R219,3,1.0,3.0,3.0,2,4,3.0,3.0,3,2.0,3,1.0,3.0,3,3.0,3.0,3,1.0,1,1,4,2.0,2,female,30-44,experienced
R220,2,3.0,2.0,3.0,1,2,2.0,2.0,3,2.0,2,1.0,2.0,1,1.0,1.0,1,1.0,1,1,2,2.0,4,male,18-29,experienced
R221,2,4.0,3.0,3.0,3,4,4.0,4.0,4,2.0,2,2.0,2.0,3,4.0,4.0,4,4.0,5,5,2,3.0,1,female,18-29,novice
R222,1,1.0,1.0,2.0,1,1,2.0,3.0,3,3.0,2,2.0,3.0,1,4.0,3.0,3,3.0,2,2,3,3.0,6,male,18-29,experienced
R223,2,2.0,2.0,2.0,3,3,3.0,3.0,3,3.0,2,4.0,3.0,3,2.0,2.0,2,3.0,3,3,4,5.0,4,female,18-29,novice
R224,5,3.0,5.0,4.0,3,4,4.0,4.0,5,5.0,4,5.0,5.0,4,3.0,3.0,3,4.0,4,5,7,6.0,7,female,18-29,experienced
R225,2,2.0,2.0,4.0,2,3,4.0,3.0,1,2.0,3,1.0,1.0,1,2.0,2.0,2,3.0,1,4,1,1.0,1,female,18-29,experienced
R226,2,1.0,2.0,1.0,4,3,3.0,3.0,3,3.0,2,3.0,2.0,2,4.0,4.0,3,1.0,1,1,4,5.0,5,female,18-29,experienced
R227,2,2.0,3.0,3.0,5,4,3.0,4.0,2,2.0,3,5.0,5.0,5,3.0,1.0,4,1.0,1,2,3,1.0,4,male,30-44,experienced
R228,3,3.0,4.0,4.0,3,4,3.0,4.0,3,2.0,3,3.0,4.0,3,2.0,2.0,2,3.0,4,3,2,1.0,1,male,45+,novice
R229,2,2.0,2.0,2.0,5,5,5.0,5.0,5,5.0,5,5.0,4.0,5,3.0,3.0,2,4.0,4,4,7,5.0,6,male,30-44,novice
R230,3,2.0,5.0,3.0,3,4,5.0,4.0,4,4.0,4,3.0,2.0,1,3.0,2.0,5,3.0,3,4,2,2.0,3,male,30-44,novice
R231,3,3.0,2.0,2.0,4,4,4.0,4.0,2,2.0,2,3.0,5.0,4,2.0,2.0,3,4.0,2,2,4,5.0,4,male,45+,experienced
R232,2,3.0,5.0,3.0,2,3,3.0,3.0,5,5.0,4,3.0,4.0,5,4.0,4.0,5,4.0,3,3,3,5.0,3,female,45+,experienced
R233,3,2.0,1.0,1.0,1,2,2.0,1.0,3,3.0,4,2.0,3.0,3,3.0,2.0,3,2.0,4,4,3,2.0,1,female,30-44,novice
R234,3,4.0,4.0,3.0,1,1,1.0,2.0,4,4.0,4,2.0,1.0,1,4.0,4.0,5,2.0,2,3,1,3.0,1,male,30-44,novice
R235,3,2.0,3.0,3.0,4,3,2.0,5.0,3,3.0,2,3.0,3.0,4,4.0,3.0,4,2.0,3,1,4,4.0,3,female,45+,experienced
R236,5,5.0,5.0,5.0,2,2,2.0,1.0,3,2.0,2,5.0,4.0,5,2.0,3.0,3,4.0,3,3,3,3.0,5,female,18-29,experienced
R237,2,2.0,2.0,3.0,4,5,4.0,2.0,1,3.0,2,4.0,4.0,5,5.0,5.0,5,4.0,3,3,4,4.0,6,female,30-44,experienced
R238,3,3.0,3.0,2.0,1,2,3.0,2.0,3,3.0,4,1.0,4.0,3,3.0,4.0,4,3.0,3,3,4,3.0,5,female,45+,novice
R239,4,4.0,4.0,3.0,4,3,4.0,3.0,4,4.0,2,3.0,2.0,2,1.0,1.0,1,3.0,3,3,1,2.0,1,male,30-44,experienced
R240,4,4.0,4.0,3.0,4,4,5.0,4.0,4,3.0,3,4.0,3.0,3,2.0,3.0,2,4.0,4,5,3,4.0,6,male,30-44,experienced
R241,2,3.0,3.0,3.0,1,2,2.0,2.0,4,3.0,2,1.0,1.0,3,4.0,4.0,4,3.0,3,4,7,5.0,7,female,45+,novice
R242,2,3.0,1.0,3.0,2,4,3.0,2.0,3,2.0,2,4.0,5.0,5,1.0,2.0,1,1.0,2,2,3,1.0,2,male,45+,novice
R243,3,2.0,2.0,3.0,1,1,1.0,1.0,1,2.0,1,3.0,3.0,3,3.0,3.0,1,2.0,2,2,3,3.0,1,male,30-44,novice
R244,5,5.0,5.0,5.0,4,3,2.0,3.0,4,4.0,3,2.0,2.0,2,3.0,1.0,2,4.0,4,4,2,2.0,2,female,30-44,experienced
R245,3,3.0,2.0,3.0,2,2,1.0,2.0,5,5.0,5,3.0,5.0,5,2.0,3.0,2,5.0,4,5,4,4.0,6,male,30-44,experienced
R246,5,5.0,5.0,5.0,5,5,5.0,5.0,5,5.0,5,4.0,4.0,3,5.0,5.0,5,5.0,5,5,7,7.0,7,female,18-29,experienced
R247,4,4.0,4.0,3.0,3,4,4.0,2.0,3,4.0,4,3.0,4.0,3,5.0,4.0,5,2.0,2,3,3,5.0,6,male,18-29,novice
R248,3,3.0,1.0,2.0,2,2,2.0,2.0,2,2.0,1,3.0,2.0,3,5.0,4.0,3,4.0,2,2,4,2.0,3,female,45+,experienced
R249,1,1.0,2.0,2.0,5,4,4.0,5.0,1,3.0,3,3.0,4.0,5,3.0,4.0,3,4.0,4,4,3,4.0,6,male,30-44,experienced
R250,4,4.0,5.0,3.0,1,1,2.0,3.0,1,2.0,2,4.0,3.0,3,2.0,3.0,3,4.0,3,3,5,5.0,5,female,18-29,experienced
R251,4,4.0,3.0,3.0,1,1,2.0,1.0,4,3.0,2,2.0,4.0,3,2.0,2.0,3,3.0,3,3,4,5.0,6,female,18-29,novice
R252,2,2.0,2.0,3.0,2,1,2.0,2.0,3,3.0,3,3.0,3.0,1,3.0,4.0,3,4.0,2,3,1,4.0,3,male,18-29,experienced
R253,5,5.0,4.0,5.0,4,3,5.0,5.0,1,1.0,2,4.0,5.0,3,4.0,2.0,4,4.0,4,3,3,5.0,5,female,30-44,experienced
R254,2,2.0,1.0,2.0,5,5,5.0,5.0,4,4.0,3,5.0,5.0,5,5.0,5.0,5,4.0,5,2,5,5.0,6,male,30-44,novice
R255,3,2.0,1.0,2.0,4,4,3.0,3.0,2,3.0,2,5.0,3.0,3,3.0,3.0,4,4.0,4,4,5,5.0,6,male,18-29,novice
R256,2,3.0,2.0,2.0,5,4,4.0,5.0,1,1.0,1,3.0,3.0,2,4.0,3.0,2,4.0,4,3,4,6.0,3,male,18-29,novice
R257,4,4.0,5.0,3.0,2,3,3.0,3.0,4,4.0,4,4.0,3.0,3,2.0,2.0,1,5.0,5,5,5,6.0,7,male,45+,experienced
R258,3,3.0,3.0,3.0,4,5,4.0,4.0,4,3.0,3,5.0,4.0,5,3.0,4.0,4,2.0,3,4,3,3.0,2,female,18-29,novice
R259,2,3.0,2.0,1.0,2,3,3.0,4.0,2,2.0,2,1.0,3.0,2,4.0,4.0,3,1.0,1,1,1,3.0,1,female,45+,novice
R260,3,3.0,3.0,3.0,3,2,3.0,3.0,3,3.0,3,5.0,4.0,4,1.0,1.0,1,4.0,3,4,6,6.0,5,female,18-29,novice
R261,2,3.0,3.0,2.0,4,3,5.0,4.0,3,2.0,2,3.0,3.0,4,3.0,3.0,4,3.0,3,3,1,1.0,1,female,30-44,novice
R262,4,5.0,3.0,4.0,1,3,2.0,2.0,5,5.0,5,4.0,4.0,3,3.0,2.0,3,3.0,3,3,4,3.0,6,male,45+,novice
R263,5,5.0,4.0,5.0,5,4,5.0,3.0,3,3.0,2,3.0,4.0,4,3.0,4.0,4,3.0,3,3,1,1.0,1,female,30-44,novice
R264,5,5.0,5.0,5.0,4,5,5.0,4.0,5,5.0,5,3.0,1.0,2,3.0,4.0,3,4.0,5,5,4,6.0,5,female,30-44,experienced
R265,5,5.0,5.0,5.0,5,5,5.0,5.0,3,4.0,4,4.0,5.0,5,5.0,4.0,4,5.0,5,5,6,6.0,6,female,18-29,experienced
R266,3,2.0,2.0,3.0,5,5,4.0,5.0,5,4.0,5,2.0,3.0,4,5.0,5.0,5,3.0,3,4,5,7.0,4,female,45+,experienced
R267,5,5.0,5.0,5.0,4,4,4.0,4.0,5,5.0,5,3.0,4.0,3,4.0,4.0,4,5.0,5,5,7,7.0,7,male,30-44,experienced
R268,3,3.0,2.0,1.0,4,3,3.0,3.0,3,3.0,3,5.0,5.0,3,2.0,1.0,1,1.0,3,2,2,1.0,3,male,45+,experienced
R269,4,4.0,5.0,5.0,2,1,1.0,1.0,3,4.0,3,3.0,3.0,2,2.0,2.0,2,3.0,3,2,4,3.0,3,female,45+,novice
R270,3,3.0,4.0,4.0,2,3,1.0,3.0,2,3.0,3,1.0,1.0,2,5.0,5.0,4,3.0,4,3,5,4.0,5,female,45+,novice
R271,2,4.0,2.0,3.0,4,5,4.0,4.0,4,4.0,5,2.0,3.0,3,4.0,4.0,4,3.0,3,2,7,6.0,6,male,45+,experienced
R272,3,3.0,3.0,3.0,4,4,4.0,5.0,3,3.0,3,5.0,3.0,5,5.0,5.0,5,3.0,4,4,6,5.0,7,female,45+,novice
R273,3,4.0,4.0,3.0,3,2,3.0,3.0,2,2.0,2,5.0,4.0,3,3.0,1.0,3,3.0,3,2,5,4.0,5,female,30-44,novice
R274,4,2.0,2.0,3.0,1,2,2.0,2.0,2,2.0,2,3.0,3.0,3,2.0,2.0,2,3.0,2,3,3,4.0,4,female,30-44,novice
R275,1,2.0,3.0,2.0,3,4,5.0,3.0,4,2.0,4,2.0,3.0,2,2.0,2.0,2,2.0,2,1,5,4.0,4,female,30-44,experienced
R276,2,3.0,2.0,3.0,4,3,3.0,4.0,4,3.0,4,1.0,1.0,1,4.0,4.0,5,3.0,3,3,1,1.0,2,male,30-44,novice
R277,1,1.0,1.0,1.0,2,1,4.0,3.0,2,1.0,1,2.0,2.0,3,3.0,3.0,4,2.0,3,2,3,4.0,4,male,30-44,experienced
R278,5,5.0,5.0,4.0,3,4,4.0,4.0,5,5.0,5,2.0,1.0,3,5.0,5.0,4,5.0,5,5,5,4.0,7,female,30-44,experienced
R279,3,4.0,3.0,2.0,1,1,1.0,1.0,4,4.0,5,2.0,2.0,1,1.0,1.0,3,3.0,4,4,4,4.0,2,male,18-29,experienced
R280,1,1.0,2.0,4.0,2,3,2.0,1.0,4,5.0,2,1.0,1.0,1,3.0,3.0,3,1.0,2,2,1,1.0,1,male,18-29,experienced
R281,5,5.0,5.0,5.0,5,5,4.0,4.0,4,4.0,4,4.0,2.0,5,4.0,3.0,4,5.0,5,5,6,7.0,6,female,30-44,experienced
R282,4,5.0,4.0,5.0,4,5,5.0,5.0,4,4.0,4,4.0,4.0,4,2.0,1.0,1,4.0,4,4,3,3.0,2,female,18-29,experienced
R283,2,4.0,3.0,3.0,3,3,4.0,3.0,5,4.0,4,4.0,2.0,3,3.0,3.0,1,3.0,4,3,4,3.0,2,male,30-44,experienced
R284,4,4.0,4.0,5.0,3,5,4.0,3.0,5,5.0,5,4.0,4.0,3,4.0,4.0,3,5.0,5,5,6,5.0,6,female,45+,experienced
R285,2,3.0,2.0,5.0,2,2,2.0,2.0,3,3.0,3,5.0,5.0,4,1.0,2.0,2,3.0,3,4,3,4.0,5,male,18-29,novice
R286,2,2.0,2.0,2.0,4,4,5.0,4.0,5,4.0,2,2.0,2.0,2,3.0,3.0,4,3.0,3,1,1,1.0,1,female,45+,novice
R287,4,4.0,4.0,3.0,4,5,4.0,5.0,5,5.0,5,4.0,3.0,4,3.0,4.0,4,5.0,4,4,4,5.0,4,female,18-29,novice
R288,3,3.0,3.0,3.0,3,3,3.0,3.0,3,3.0,3,3.0,3.0,3,3.0,3.0,3,3.0,3,3,3,3.0,3,male,30-44,novice
R289,2,2.0,2.0,3.0,2,2,2.0,1.0,3,4.0,3,3.0,2.0,2,1.0,1.0,1,3.0,3,4,2,1.0,4,male,18-29,novice
R290,4,4.0,5.0,3.0,2,1,2.0,1.0,2,4.0,4,4.0,5.0,5,2.0,2.0,2,1.0,3,1,5,5.0,3,female,30-44,novice
R291,3,4.0,4.0,3.0,3,2,2.0,2.0,4,4.0,4,5.0,5.0,5,1.0,2.0,2,2.0,2,3,5,5.0,5,male,30-44,experienced
R292,1,3.0,3.0,2.0,1,1,1.0,1.0,3,3.0,4,4.0,4.0,3,1.0,1.0,1,3.0,3,3,6,5.0,5,male,45+,experienced
R293,5,5.0,4.0,5.0,5,5,5.0,4.0,5,5.0,4,1.0,1.0,1,5.0,5.0,5,5.0,5,5,5,3.0,7,female,18-29,experienced
R294,4,3.0,4.0,4.0,3,4,4.0,3.0,5,4.0,5,4.0,4.0,3,4.0,5.0,4,5.0,5,5,5,4.0,4,male,30-44,experienced
R295,4,5.0,4.0,5.0,1,3,4.0,1.0,2,2.0,2,1.0,1.0,1,3.0,3.0,4,2.0,1,2,2,3.0,3,female,45+,novice
R296,3,3.0,2.0,2.0,3,2,1.0,1.0,4,3.0,4,2.0,4.0,3,3.0,2.0,3,3.0,2,2,6,5.0,6,male,30-44,experienced
R297,5,3.0,4.0,4.0,4,4,4.0,5.0,4,4.0,5,3.0,4.0,5,5.0,5.0,5,5.0,5,5,5,5.0,6,female,18-29,experienced
R298,4,3.0,3.0,5.0,3,3,4.0,5.0,2,3.0,4,4.0,4.0,5,3.0,4.0,4,4.0,3,2,5,4.0,5,female,45+,experienced
R299,4,3.0,2.0,3.0,5,4,4.0,2.0,3,5.0,4,5.0,4.0,5,5.0,5.0,4,5.0,5,5,7,7.0,7,male,18-29,novice
R300,3,3.0,3.0,4.0,3,3,2.0,3.0,4,4.0,5,5.0,3.0,3,4.0,5.0,5,5.0,5,5,7,6.0,5,female,18-29,novice
R301,5,4.0,5.0,5.0,4,3,2.0,4.0,4,4.0,4,3.0,3.0,4,5.0,5.0,5,5.0,4,5,5,4.0,6,female,18-29,experienced
R302,3,3.0,3.0,2.0,5,5,4.0,4.0,1,2.0,1,3.0,3.0,3,4.0,4.0,3,4.0,3,4,5,5.0,3,male,45+,experienced
R303,5,5.0,4.0,5.0,3,3,3.0,4.0,4,3.0,3,4.0,4.0,5,5.0,5.0,4,5.0,5,4,7,6.0,4,female,45+,experienced
